http://www.emmloans.com/BrandonBailey/,pool 1
http://www.emmloans.com/CaraLittlefield/,pool 1
http://www.emmloans.com/ChristianBest/,pool 1
http://www.emmloans.com/EarnestCraumer/,pool 1
http://www.emmloans.com/ErnestCraumer/,pool 1
http://www.emmloans.com/JamesAdams/,pool 1
http://www.emmloans.com/MichaelMcDonald/,pool 1
http://www.emmloans.com/RichardNabrzeski/,pool 1
http://www.emmloans.com/TamsonWilliams/,pool 1
http://www.emmloans.com/TeamAmato/,pool 1
http://www.emmloans.com/TeamAndrus/,pool 1
http://www.emmloans.com/teamcorpweb/,pool 1
http://www.emmloans.com/TeamCT/,pool 1
http://www.emmloans.com/TeamFREY/,pool 1
http://www.emmloans.com/TeamKirby/,pool 1
http://www.emmloans.com/TeamSHAUGHNESSEY/,pool 1
http://www.emmloans.com/TeamSTALCUP/,pool 1
http://www.emmloans.com/WayneSandersJr/,pool 1
http://www.emmloans.com/johndelvecchio/,pool 1
http://www.emmloans.com/haddon_twp/,pool 1
http://www.emmloans.com/Administrator/,pool 1
http://www.emmloans.com/han_chong/,pool 1
http://www.emmloans.com/amy_king/,pool 1
http://www.emmloans.com/david_goodstadt/,pool 1
http://www.emmloans.com/ken_reagan/,pool 1
http://www.emmloans.com/shaun_dickey/,pool 1
http://www.emmloans.com/john_gallo/,pool 1
http://www.emmloans.com/orin_swiss/,pool 1
http://www.emmloans.com/mike_brody/,pool 1
http://www.emmloans.com/jackie_koven/,pool 1
http://www.emmloans.com/kevin_zenstein/,pool 1
http://www.emmloans.com/lawrence_lynch/,pool 1
http://www.emmloans.com/david_gesin/,pool 1
http://www.emmloans.com/daniel_bost/,pool 1
http://www.emmloans.com/ron_weingrad/,pool 1
http://www.emmloans.com/fort_washington/,pool 1
http://www.emmloans.com/william_gebhardt/,pool 1
http://www.emmloans.com/steven_wills/,pool 1
http://www.emmloans.com/michael_loftus/,pool 1
http://www.emmloans.com/william_nadu/,pool 1
http://www.emmloans.com/brian_beadling/,pool 1
http://www.emmloans.com/chris_bartlett/,pool 1
http://www.emmloans.com/paul_kwon/,pool 1
http://www.emmloans.com/chris_cottone/,pool 1
http://www.emmloans.com/ray_rosado/,pool 1
http://www.emmloans.com/EdwardWilliams/,pool 1
http://www.emmloans.com/MichaelWeindel/,pool 1
http://www.emmloans.com/KaiJones/,pool 1
http://www.emmloans.com/KolbeyNelson/,pool 1
http://www.emmloans.com/BrianMcNamara/,pool 1
http://www.emmloans.com/ThomasCush/,pool 1
http://www.emmloans.com/JohnBruno/,pool 1
http://www.emmloans.com/JosephLose/,pool 1
http://www.emmloans.com/MichaeleGibbons/,pool 1
http://www.emmloans.com/RobertParsons/,pool 1
http://www.emmloans.com/AnthonyCerulli/,pool 1
http://www.emmloans.com/GaryWalker/,pool 1
http://www.emmloans.com/ChipBriggs/,pool 1
http://www.emmloans.com/GeoffreyMaw/,pool 1
http://www.emmloans.com/GeraldMindel/,pool 1
http://www.emmloans.com/IngridLaine/,pool 1
http://www.emmloans.com/JanetSandway/,pool 1
http://www.emmloans.com/JessicaMclaughlin/,pool 1
http://www.emmloans.com/JosephMelucci/,pool 1
http://www.emmloans.com/JoeHarris/,pool 1
http://www.emmloans.com/JosephRanhorn/,pool 1
http://www.emmloans.com/JonathanNorris/,pool 1
http://www.emmloans.com/MelissaMason/,pool 1
http://www.emmloans.com/MichaelDoncsecz/,pool 1
http://www.emmloans.com/RobertFlanigan/,pool 1
http://www.emmloans.com/ScottCox/,pool 1
http://www.emmloans.com/ScottPendleton/,pool 1
http://www.emmloans.com/ScottStein/,pool 1
http://www.emmloans.com/TinaCahill/,pool 1
http://www.emmloans.com/TurnerEarnest/,pool 1
http://www.loanstarhomelending.com/AlanBurkhart/,pool 1
http://www.loanstarhomelending.com/AmyPowell/,pool 1
http://www.loanstarhomelending.com/AnnaLinder/,pool 1
http://www.loanstarhomelending.com/Bellevue/,pool 1
http://www.loanstarhomelending.com/Bridgeport/,pool 1
http://www.loanstarhomelending.com/CassandraMiles/,pool 1
http://www.loanstarhomelending.com/DennisWalsh/,pool 1
http://www.loanstarhomelending.com/DionMancia/,pool 1
http://www.loanstarhomelending.com/EricBaldwin/,pool 1
http://www.loanstarhomelending.com/GuyEvoniuk/,pool 1
http://www.loanstarhomelending.com/JamesPruitte/,pool 1
http://www.loanstarhomelending.com/JasonSherman/,pool 1
http://www.loanstarhomelending.com/JonKurahara/,pool 1
http://www.loanstarhomelending.com/MarkEastburn/,pool 1
http://www.loanstarhomelending.com/ReginaStoll/,pool 1
http://www.loanstarhomelending.com/RichGeenty/,pool 1
http://www.loanstarhomelending.com/RickSusnjara/,pool 1
http://www.loanstarhomelending.com/ScottKurahara/,pool 1
http://www.loanstarhomelending.com/stephanieshorey/,pool 1
http://www.loanstarhomelending.com/TonyBrouhard/,pool 1
http://www.loanstarhomelending.com/Vancouver/,pool 1
http://www.loanstarhomelending.com/DustinJohnsen/,pool 1
http://www.loanstarhomelending.com/ScottNoakes/,pool 1
http://www.loanstarhomelending.com/SteveUlrich/,pool 1
http://www.loanstarhomelending.com/GregHaase/,pool 1
http://www.loanstarhomelending.com/DawnRobbins/,pool 1
http://www.loanstarhomelending.com/ChrisBorg/,pool 1
http://www.loanstarhomelending.com/ChuckEmmi/,pool 1
http://www.loanstarhomelending.com/TravisHoover/,pool 1
http://www.loanstarhomelending.com/JustinTherrien/,pool 1
http://www.loanstarhomelending.com/ShawnHada/,pool 1
http://www.loanstarhomelending.com/AndyParent/,pool 1
http://www.loanstarhomelending.com/CeliaBurlingame/,pool 1
http://www.loanstarhomelending.com/mayli/,pool 1
http://www.loanstarhomelending.com/KristinDanska/,pool 1
http://www.loanstarhomelending.com/RobinLambert/,pool 1
http://www.loanstarhomelending.com/KarenCimeraBrown/,pool 1
http://www.loanstarhomelending.com/JoyceConlin/,pool 1
http://www.loanstarhomelending.com/DianDonahoe/,pool 1
http://www.loanstarhomelending.com/MaryPennel/,pool 1
http://www.loanstarhomelending.com/KielLillibridge/,pool 1
http://www.loanstarhomelending.com/MarceloCurt/,pool 1
http://www.loanstarhomelending.com/DougSchreifels/,pool 1
http://www.loanstarhomelending.com/ErikOlson/,pool 1
http://www.loanstarhomelending.com/RileyLillibridge/,pool 1
http://www.loanstarhomelending.com/MikaylaMorgan/,pool 1
http://www.loanstarhomelending.com/GingerPaterno/,pool 1
http://www.loanstarhomelending.com/GaryBlacken/,pool 1
http://www.loanstarhomelending.com/SheradenSchilling/,pool 1
http://www.loanstarhomelending.com/KeithBrowne/,pool 1
http://www.loanstarhomelending.com/KelleyPellerin/,pool 1
http://www.loanstarhomelending.com/JackSanteford/,pool 1
http://www.loanstarhomelending.com/RonSchlachter/,pool 1
http://www.loanstarhomelending.com/RichardSilva/,pool 1
http://www.loanstarhomelending.com/ldiaz/,pool 1
http://www.loanstarhomelending.com/PaulTenaglia/,pool 1
http://www.loanstarhomelending.com/ErinEdwards/,pool 1
http://www.loanstarhomelending.com/AlanRose/,pool 1
http://www.loanstarhomelending.com/AllenScott/,pool 1
http://www.loanstarhomelending.com/annabelleromero/,pool 1
http://www.loanstarhomelending.com/BrandonThomas/,pool 1
http://www.loanstarhomelending.com/CandiCabrera/,pool 1
http://www.loanstarhomelending.com/ChrisNapier/,pool 1
http://www.loanstarhomelending.com/ChristinaGrimes/,pool 1
http://www.loanstarhomelending.com/DanHayes/,pool 1
http://www.loanstarhomelending.com/DavidHoward/,pool 1
http://www.loanstarhomelending.com/DavidUster/,pool 1
http://www.loanstarhomelending.com/DonnaCorazzi/,pool 1
http://www.loanstarhomelending.com/DougMansky/,pool 1
http://www.loanstarhomelending.com/DoyleDillon/,pool 1
http://www.loanstarhomelending.com/ErikNoet/,pool 1
http://www.loanstarhomelending.com/GarrettFrol/,pool 1
http://www.loanstarhomelending.com/GraysonBourland/,pool 1
http://www.loanstarhomelending.com/JamesPurner/,pool 1
http://www.loanstarhomelending.com/JoelMartin/,pool 1
http://www.loanstarhomelending.com/JohnBethke/,pool 1
http://www.loanstarhomelending.com/JordanSchlachter/,pool 1
http://www.loanstarhomelending.com/JulieFarrell/,pool 1
http://www.loanstarhomelending.com/KarenCarlton/,pool 1
http://www.loanstarhomelending.com/LeeDavenport/,pool 1
http://www.loanstarhomelending.com/MattHolmes/,pool 1
http://www.loanstarhomelending.com/MikeMiller/,pool 1
http://www.loanstarhomelending.com/NicholeKenny/,pool 1
http://www.loanstarhomelending.com/NikkoDenis/,pool 1
http://www.loanstarhomelending.com/RandyBrockway/,pool 1
http://www.loanstarhomelending.com/RandyThomas/,pool 1
http://www.loanstarhomelending.com/ShawnStringfellow/,pool 1
http://www.loanstarhomelending.com/SteveSempert/,pool 1
http://www.loanstarhomelending.com/TamiStehman/,pool 1
http://www.loanstarhomelending.com/VictoriaParasochka/,pool 1
http://www.loanstarhomelending.com/ZekeBrouhard/,pool 1
http://www.loanstarhomelending.com/JeanneMeihaus/,pool 1
http://www.loanstarhomelending.com/LindaHulberg/,pool 1
http://www.loanstarhomelending.com/MelissaBieber/,pool 1
http://www.loanstarhomelending.com/NadineSteen/,pool 1
http://www.loanstarhomelending.com/PeterCasper/,pool 1
http://www.loanstarhomelending.com/SunKim/,pool 1
http://www.loanstarhomelending.com/WadeStewart/,pool 1
http://www.loanstarhomelending.com/AnneRamsey/,pool 1
http://mortgage.lhfs.com/AnthonyDigiorno/,pool 3
http://mortgage.lhfs.com/ChristinaLeesha/,pool 3
http://mortgage.lhfs.com/DennisBrunelle/,pool 3
http://mortgage.lhfs.com/GalinaGuslistova/,pool 3
http://mortgage.lhfs.com/GeoffMiyao/,pool 3
http://mortgage.lhfs.com/GlennTeeter/,pool 3
http://mortgage.lhfs.com/NickBayes/,pool 3
http://mortgage.lhfs.com/NormanGaspard/,pool 3
http://mortgage.lhfs.com/PhillipHinojoza/,pool 3
http://mortgage.lhfs.com/RaymonToribio/,pool 3
http://mortgage.lhfs.com/SarahTam/,pool 3
http://mortgage.lhfs.com/TiffanyNguyen/,pool 3
http://mortgage.lhfs.com/VictoriaHuynh/,pool 3
http://mortgage.lhfs.com/AndrewGammon/,pool 3
http://mortgage.lhfs.com/BillSheery/,pool 3
http://mortgage.lhfs.com/BillShewry/,pool 3
http://mortgage.lhfs.com/Concord/,pool 3
http://mortgage.lhfs.com/Reno/,pool 3
http://mortgage.lhfs.com/HomeLoan-Financial/,pool 3
http://mortgage.lhfs.com/Irvine-2/,pool 3
http://mortgage.lhfs.com/Merced/,pool 3
http://mortgage.lhfs.com/Irvine/,pool 3
http://mortgage.lhfs.com/ElkGrove/,pool 3
http://mortgage.lhfs.com/Sacramento/,pool 3
http://mortgage.lhfs.com/Medford/,pool 3
http://mortgage.lhfs.com/Campbell/,pool 3
http://mortgage.lhfs.com/Martinez/,pool 3
http://mortgage.lhfs.com/RanchoCucamonga/,pool 3
http://mortgage.lhfs.com/WalnutCreek/,pool 3
http://mortgage.lhfs.com/Redding/,pool 3
http://mortgage.lhfs.com/SanDiego/,pool 3
http://mortgage.lhfs.com/Vacaville/,pool 3
http://mortgage.lhfs.com/Brentwood/,pool 3
http://mortgage.lhfs.com/GoldMeadow/,pool 3
http://mortgage.lhfs.com/CameronPark/,pool 3
http://mortgage.lhfs.com/Danville/,pool 3
http://mortgage.lhfs.com/Orinda/,pool 3
http://mortgage.lhfs.com/CastroValley/,pool 3
http://mortgage.lhfs.com/Gateway/,pool 3
http://mortgage.lhfs.com/Pleasanton-5117/,pool 3
http://mortgage.lhfs.com/Minnesota/,pool 3
http://mortgage.lhfs.com/Antioch/,pool 3
http://mortgage.lhfs.com/Texas/,pool 3
http://mortgage.lhfs.com/SanJose/,pool 3
http://mortgage.lhfs.com/Washington/,pool 3
http://mortgage.lhfs.com/MtShasta/,pool 3
http://mortgage.lhfs.com/Milwaukie/,pool 3
http://mortgage.lhfs.com/LakeForest/,pool 3
http://mortgage.lhfs.com/CostaMesa/,pool 3
http://mortgage.lhfs.com/Chico/,pool 3
http://mortgage.lhfs.com/IrvineSNA/,pool 3
http://mortgage.lhfs.com/AbrahamWagner/,pool 3
http://mortgage.lhfs.com/AbsalomBen/,pool 3
http://mortgage.lhfs.com/AllisonSchutte/,pool 3
http://mortgage.lhfs.com/AlvinChoi/,pool 3
http://mortgage.lhfs.com/AmyRowland/,pool 3
http://mortgage.lhfs.com/AndrewPeterson/,pool 3
http://mortgage.lhfs.com/AngelaErves/,pool 3
http://mortgage.lhfs.com/AngelaRenghini/,pool 3
http://mortgage.lhfs.com/AnhNguyen/,pool 3
http://mortgage.lhfs.com/AnnetteTurner/,pool 3
http://mortgage.lhfs.com/AnthonyVenturi/,pool 3
http://mortgage.lhfs.com/BarronRYost/,pool 3
http://mortgage.lhfs.com/BerjFustukjian/,pool 3
http://mortgage.lhfs.com/BillBarringer/,pool 3
http://mortgage.lhfs.com/BradleyRavin/,pool 3
http://mortgage.lhfs.com/BrendaCarr/,pool 3
http://mortgage.lhfs.com/BrianWilliams/,pool 3
http://mortgage.lhfs.com/BritCoupens/,pool 3
http://mortgage.lhfs.com/BrockAmos/,pool 3
http://mortgage.lhfs.com/BuffyMcDaniel/,pool 3
http://mortgage.lhfs.com/CarlosAlvarez/,pool 3
http://mortgage.lhfs.com/CharlesFrankBedford/,pool 3
http://mortgage.lhfs.com/ChrisHiller/,pool 3
http://mortgage.lhfs.com/ChristinaPerez/,pool 3
http://mortgage.lhfs.com/ChristopherBledsoe/,pool 3
http://mortgage.lhfs.com/CodyAliikoaMurray/,pool 3
http://mortgage.lhfs.com/ColleenMoore/,pool 3
http://mortgage.lhfs.com/CrispinCooke/,pool 3
http://mortgage.lhfs.com/DaneCosta/,pool 3
http://mortgage.lhfs.com/DarcyWills/,pool 3
http://mortgage.lhfs.com/DarrellDyer/,pool 3
http://mortgage.lhfs.com/DarrylZadnik/,pool 3
http://mortgage.lhfs.com/DavidBrauchler/,pool 3
http://mortgage.lhfs.com/DavidCrofut/,pool 3
http://mortgage.lhfs.com/DavidKaye/,pool 3
http://mortgage.lhfs.com/DavidLambert/,pool 3
http://mortgage.lhfs.com/DavidSalita/,pool 3
http://mortgage.lhfs.com/DavidTowers/,pool 3
http://mortgage.lhfs.com/DavidTruesdell/,pool 3
http://mortgage.lhfs.com/DavidVarner/,pool 3
http://mortgage.lhfs.com/DawnLuat/,pool 3
http://mortgage.lhfs.com/DeborahGalvan/,pool 3
http://mortgage.lhfs.com/DianeDominguez/,pool 3
http://mortgage.lhfs.com/DonCrozier/,pool 3
http://mortgage.lhfs.com/DustinLesline/,pool 3
http://mortgage.lhfs.com/EarlineCooley/,pool 3
http://mortgage.lhfs.com/EricGeli/,pool 3
http://mortgage.lhfs.com/EricLawson/,pool 3
http://mortgage.lhfs.com/ErikShirley/,pool 3
http://mortgage.lhfs.com/ErnestoGomez/,pool 3
http://mortgage.lhfs.com/FranciGriffith/,pool 3
http://mortgage.lhfs.com/FredrickHines/,pool 3
http://mortgage.lhfs.com/GabeAmey/,pool 3
http://mortgage.lhfs.com/GenieTompkins/,pool 3
http://mortgage.lhfs.com/GeorgeViera/,pool 3
http://mortgage.lhfs.com/GuillermoChavez/,pool 3
http://mortgage.lhfs.com/HannahTran/,pool 3
http://mortgage.lhfs.com/HeatherPalmer/,pool 3
http://mortgage.lhfs.com/HectorZevada/,pool 3
http://mortgage.lhfs.com/HelenDeniseMartin/,pool 3
http://mortgage.lhfs.com/HilarySchwartz/,pool 3
http://mortgage.lhfs.com/IvanDiaz/,pool 3
http://mortgage.lhfs.com/JacquelineGonsalves/,pool 3
http://mortgage.lhfs.com/JamesMurphy/,pool 3
http://mortgage.lhfs.com/JamesLuna/,pool 3
http://mortgage.lhfs.com/JamesONeill/,pool 3
http://mortgage.lhfs.com/JamesStanko/,pool 3
http://mortgage.lhfs.com/JamesTorpey/,pool 3
http://mortgage.lhfs.com/JaneDoe/,pool 3
http://mortgage.lhfs.com/JashPaulRai/,pool 3
http://mortgage.lhfs.com/JeffBuffington/,pool 3
http://mortgage.lhfs.com/JeffreyThune/,pool 3
http://mortgage.lhfs.com/JenniferGano/,pool 3
http://mortgage.lhfs.com/JenniferJackson/,pool 3
http://mortgage.lhfs.com/JerryOliver/,pool 3
http://mortgage.lhfs.com/JessicaPantagesAttia/,pool 3
http://mortgage.lhfs.com/JoeVela/,pool 3
http://mortgage.lhfs.com/JohnBrunelle/,pool 3
http://mortgage.lhfs.com/JohnPecci/,pool 3
http://mortgage.lhfs.com/JonBridge/,pool 3
http://mortgage.lhfs.com/JonathanHudak/,pool 3
http://mortgage.lhfs.com/JoseMunoz/,pool 3
http://mortgage.lhfs.com/JosephTrippy/,pool 3
http://mortgage.lhfs.com/JoshuaGullick/,pool 3
http://mortgage.lhfs.com/JoshuaWelton/,pool 3
http://mortgage.lhfs.com/JoyWidle/,pool 3
http://mortgage.lhfs.com/KarlaFernandez/,pool 3
http://mortgage.lhfs.com/KatherinePurtill/,pool 3
http://mortgage.lhfs.com/KeithVidetto/,pool 3
http://mortgage.lhfs.com/KeleenHilleary/,pool 3
http://mortgage.lhfs.com/KennethCleaver/,pool 3
http://mortgage.lhfs.com/KentonBecker/,pool 3
http://mortgage.lhfs.com/KeomaritSengsavang/,pool 3
http://mortgage.lhfs.com/KevinGuglielmelli/,pool 3
http://mortgage.lhfs.com/KevinWheatley/,pool 3
http://mortgage.lhfs.com/LindaWaite/,pool 3
http://mortgage.lhfs.com/LoriOvesen/,pool 3
http://mortgage.lhfs.com/LuisCarrera/,pool 3
http://mortgage.lhfs.com/MarcConnelly/,pool 3
http://mortgage.lhfs.com/MargaretSmethers/,pool 3
http://mortgage.lhfs.com/MarioVelarde/,pool 3
http://mortgage.lhfs.com/MarkMillett/,pool 3
http://mortgage.lhfs.com/MatthewBascherini/,pool 3
http://mortgage.lhfs.com/MehranChini/,pool 3
http://mortgage.lhfs.com/MelanieMayberry/,pool 3
http://mortgage.lhfs.com/MichaelDahl/,pool 3
http://mortgage.lhfs.com/MichaelPaikai/,pool 3
http://mortgage.lhfs.com/MichaelPatterson/,pool 3
http://mortgage.lhfs.com/MichaelPowell/,pool 3
http://mortgage.lhfs.com/MichaelPurtill/,pool 3
http://mortgage.lhfs.com/MichaelTacconi/,pool 3
http://mortgage.lhfs.com/MicheleKole/,pool 3
http://mortgage.lhfs.com/MiguelRico-Quintero/,pool 3
http://mortgage.lhfs.com/MikeScheffler/,pool 3
http://mortgage.lhfs.com/MonicaDoan/,pool 3
http://mortgage.lhfs.com/NickolasMassei/,pool 3
http://mortgage.lhfs.com/PeterTressa/,pool 3
http://mortgage.lhfs.com/PreetKalirai/,pool 3
http://mortgage.lhfs.com/RaymondJones/,pool 3
http://mortgage.lhfs.com/RicardoCorrales/,pool 3
http://mortgage.lhfs.com/RichardBaker/,pool 3
http://mortgage.lhfs.com/RichardDarrinMatthews/,pool 3
http://mortgage.lhfs.com/RichardSimpao/,pool 3
http://mortgage.lhfs.com/RicheneHavrilla/,pool 3
http://mortgage.lhfs.com/RichmondChester/,pool 3
http://mortgage.lhfs.com/RobertBobleaga/,pool 3
http://mortgage.lhfs.com/RobertBrown/,pool 3
http://mortgage.lhfs.com/RobertRing/,pool 3
http://mortgage.lhfs.com/RobertWightman/,pool 3
http://mortgage.lhfs.com/RoyaNadji/,pool 3
http://mortgage.lhfs.com/RuddyPalacios/,pool 3
http://mortgage.lhfs.com/RyanDunham/,pool 3
http://mortgage.lhfs.com/RyanFitzgerald/,pool 3
http://mortgage.lhfs.com/RyanRector/,pool 3
http://mortgage.lhfs.com/SandraBaughman/,pool 3
http://mortgage.lhfs.com/SandraPlunkett/,pool 3
http://mortgage.lhfs.com/ScottHightower/,pool 3
http://mortgage.lhfs.com/ShaneWrigley/,pool 3
http://mortgage.lhfs.com/StevenBoehm/,pool 3
http://mortgage.lhfs.com/TamaraDean/,pool 3
http://mortgage.lhfs.com/TaraSarmiento/,pool 3
http://mortgage.lhfs.com/TimothyLarson/,pool 3
http://mortgage.lhfs.com/TonyWicke/,pool 3
http://mortgage.lhfs.com/VanessaGordon/,pool 3
http://mortgage.lhfs.com/WeiLingCheong/,pool 3
http://mortgage.lhfs.com/WendyRemington/,pool 3
http://mortgage.lhfs.com/WenliMa/,pool 3
http://mortgage.lhfs.com/WilliamKerrigan/,pool 3
http://mortgage.lhfs.com/LeoPacheco/,pool 3
http://mortgage.lhfs.com/ScottBurks/,pool 3
http://mortgage.lhfs.com/GregWayer/,pool 3
http://mortgage.lhfs.com/GregoryHild/,pool 3
http://mortgage.lhfs.com/AngelaWarren/,pool 3
http://mortgage.lhfs.com/SanJose-2/,pool 3
http://mortgage.lhfs.com/AbelFischer/,pool 3
http://mortgage.lhfs.com/MarcTapley/,pool 3
http://mortgage.lhfs.com/RolandWilliams/,pool 3
http://mortgage.lhfs.com/VictorDavis/,pool 3
http://mortgage.lhfs.com/ThaddeusBees/,pool 3
http://mortgage.lhfs.com/JohnSmith/,pool 3
http://mortgage.lhfs.com/CullenMckeown/,pool 3
http://mortgage.lhfs.com/VincentScafidi/,pool 3
http://mortgage.lhfs.com/GermanAbril/,pool 3
http://mortgage.lhfs.com/DharmeshRaheja/,pool 3
http://mortgage.lhfs.com/DamionWilliford/,pool 3
http://mortgage.lhfs.com/ScottHunnicutt/,pool 3
http://mortgage.lhfs.com/DeborahIadreschi/,pool 3
http://mortgage.lhfs.com/MichaelMendoza/,pool 3
http://mortgage.lhfs.com/MariaKopf/,pool 3
http://mortgage.lhfs.com/PaulineOsofsky/,pool 3
http://mortgage.lhfs.com/DarrenKidder/,pool 3
http://mortgage.lhfs.com/JeffreyWilson/,pool 3
http://mortgage.lhfs.com/JohnCorrell/,pool 3
http://mortgage.lhfs.com/RodilSanMateo/,pool 3
http://mortgage.lhfs.com/OwenNelson/,pool 3
http://mortgage.lhfs.com/MichaelTipton/,pool 3
http://mortgage.lhfs.com/VanessaSharp/,pool 3
http://mortgage.lhfs.com/PaulTse/,pool 3
http://mortgage.lhfs.com/ParvanehPoirier/,pool 3
http://mortgage.lhfs.com/GlennPowell/,pool 3
http://mortgage.lhfs.com/KurtGronbach/,pool 3
http://mortgage.lhfs.com/JulieConlon/,pool 3
http://mortgage.lhfs.com/TinekeTellier/,pool 3
http://mortgage.lhfs.com/NickPurchio/,pool 3
http://mortgage.lhfs.com/KimberlyONeil/,pool 3
http://mortgage.lhfs.com/JohnDoe/,pool 3
http://mortgage.lhfs.com/YolandaCastaneda/,pool 3
http://mortgage.lhfs.com/HannahNguyen/,pool 3
http://mortgage.lhfs.com/AutumnHall/,pool 3
http://mortgage.lhfs.com/DennisBaxter/,pool 3
http://mortgage.lhfs.com/DonaldSimpson/,pool 3
http://mortgage.lhfs.com/DavidMarquardt/,pool 3
http://mortgage.lhfs.com/PhilipJensen/,pool 3
http://mortgage.lhfs.com/WendyWilcox/,pool 3
http://mortgage.lhfs.com/ChristineBurnette/,pool 3
http://mortgage.lhfs.com/BarbaraTrinh/,pool 3
http://mortgage.lhfs.com/BrandonColker/,pool 3
http://mortgage.lhfs.com/JohnnyCramer/,pool 3
http://mortgage.lhfs.com/JonathanAchilles/,pool 3
http://mortgage.lhfs.com/MichaelHouston/,pool 3
http://mortgage.lhfs.com/LoriEspinosa/,pool 3
http://mortgage.lhfs.com/StephanieBalasia/,pool 3
http://mortgage.lhfs.com/arizona/,pool 3
http://mortgage.lhfs.com/AndrayaCoulter/,pool 3
http://mortgage.lhfs.com/JohnKlicman/,pool 3
http://mortgage.lhfs.com/OscarMunguia/,pool 3
http://mortgage.lhfs.com/MarisaCardone/,pool 3
http://mortgage.lhfs.com/SteveGoodell/,pool 3
http://mortgage.lhfs.com/WendyGonzalez/,pool 3
http://mortgage.lhfs.com/Indiana/,pool 3
http://mortgage.lhfs.com/JeffGibaut/,pool 3
http://mortgage.lhfs.com/DoyleMarler/,pool 3
http://mortgage.lhfs.com/LauraGamez/,pool 3
http://mortgage.lhfs.com/LaurieBarretto/,pool 3
http://mortgage.lhfs.com/GaryMadsen/,pool 3
http://mortgage.lhfs.com/KarenMansfield/,pool 3
http://mortgage.lhfs.com/ChrisJensen/,pool 3
http://mortgage.lhfs.com/MichaelMcIntosh/,pool 3
http://mortgage.lhfs.com/LindsyZuniga/,pool 3
http://mortgage.lhfs.com/Sonoma/,pool 3
http://mortgage.lhfs.com/RyanFinkas/,pool 3
http://mortgage.lhfs.com/NancyDouglas/,pool 3
http://mortgage.lhfs.com/JudyFabion/,pool 3
http://mortgage.lhfs.com/StevenDeLaHoya/,pool 3
http://mortgage.lhfs.com/LanceJohnson/,pool 3
http://mortgage.lhfs.com/GregBerg/,pool 3
http://mortgage.lhfs.com/PatrickHourigan/,pool 3
http://mortgage.lhfs.com/ScottWhitlock/,pool 3
http://mortgage.lhfs.com/AnnNguyen/,pool 3
http://mortgage.lhfs.com/ArmondOhan/,pool 3
http://mortgage.lhfs.com/Illinois/,pool 3
http://mortgage.lhfs.com/GregHerman/,pool 3
http://mortgage.lhfs.com/Pasadena/,pool 3
http://mortgage.lhfs.com/MichaelJackson/,pool 3
http://mortgage.lhfs.com/christhompson/,pool 3
http://mortgage.lhfs.com/Vacaville-MainStreet/,pool 3
http://mortgage.lhfs.com/SalHernandez/,pool 3
http://mortgage.lhfs.com/BradTangen/,pool 3
http://mortgage.lhfs.com/CarlosDeLaFuente/,pool 3
http://mortgage.lhfs.com/DawnParker/,pool 3
http://mortgage.lhfs.com/KellyWatt/,pool 3
http://mortgage.lhfs.com/DavidStark/,pool 3
http://mortgage.lhfs.com/JamesOwens/,pool 3
http://mortgage.lhfs.com/JeffChang/,pool 3
http://mortgage.lhfs.com/JohnnyDelgadillo/,pool 3
http://mortgage.lhfs.com/AlfredoLeyva/,pool 3
http://mortgage.lhfs.com/MonicaMoulton-Hall/,pool 3
http://mortgage.lhfs.com/ElainePortillo-Reinhardt/,pool 3
http://mortgage.lhfs.com/NicaNellis/,pool 3
http://mortgage.lhfs.com/SaraTao/,pool 3
http://mortgage.lhfs.com/AlanSakuma/,pool 3
http://mortgage.lhfs.com/AllisonAnthony/,pool 3
http://mortgage.lhfs.com/AndrayaBern/,pool 3
http://mortgage.lhfs.com/AndrewHulko/,pool 3
http://mortgage.lhfs.com/AndyBrown/,pool 3
http://mortgage.lhfs.com/BeckyClearwater/,pool 3
http://mortgage.lhfs.com/BethAnnEricson/,pool 3
http://mortgage.lhfs.com/BradVilgos/,pool 3
http://mortgage.lhfs.com/BrandiBrickler/,pool 3
http://mortgage.lhfs.com/CesarPardo/,pool 3
http://mortgage.lhfs.com/ChadLeMaster/,pool 3
http://mortgage.lhfs.com/DanielleShafer/,pool 3
http://mortgage.lhfs.com/DanMcLeod/,pool 3
http://mortgage.lhfs.com/DarinHahn/,pool 3
http://mortgage.lhfs.com/DawnKush/,pool 3
http://mortgage.lhfs.com/DebbieLeance/,pool 3
http://mortgage.lhfs.com/EdPawelski/,pool 3
http://mortgage.lhfs.com/ErinSummit/,pool 3
http://mortgage.lhfs.com/GalinaSolonenko/,pool 3
http://mortgage.lhfs.com/GloriaMelendez/,pool 3
http://mortgage.lhfs.com/GregoryDolan/,pool 3
http://mortgage.lhfs.com/JamesRobertson/,pool 3
http://mortgage.lhfs.com/ScottCarmichael/,pool 3
http://mortgage.lhfs.com/JasonHaskins/,pool 3
http://mortgage.lhfs.com/JimPurtill/,pool 3
http://mortgage.lhfs.com/JohnMishler/,pool 3
http://mortgage.lhfs.com/JosephLopez/,pool 3
http://mortgage.lhfs.com/JulianaGarcia/,pool 3
http://mortgage.lhfs.com/LauraNavarro/,pool 3
http://mortgage.lhfs.com/LizLitaea/,pool 3
http://mortgage.lhfs.com/LupeMendez/,pool 3
http://mortgage.lhfs.com/MariaJimenez/,pool 3
http://mortgage.lhfs.com/MattLopez/,pool 3
http://mortgage.lhfs.com/MattPfeiffer/,pool 3
http://mortgage.lhfs.com/MaxwellMuse/,pool 3
http://mortgage.lhfs.com/MercyLebag/,pool 3
http://mortgage.lhfs.com/RustyPorterfield/,pool 3
http://mortgage.lhfs.com/ScottKopko/,pool 3
http://mortgage.lhfs.com/SeanSafholm/,pool 3
http://mortgage.lhfs.com/SteveKircher/,pool 3
http://mortgage.lhfs.com/TaraLynnCombs/,pool 3
http://mortgage.lhfs.com/TerryDoering/,pool 3
http://mortgage.lhfs.com/TheresaGonzales/,pool 3
http://mortgage.lhfs.com/ThomasMercer/,pool 3
http://mortgage.lhfs.com/TiffanyTotorica/,pool 3
http://mortgage.lhfs.com/TuliOjala/,pool 3
http://mortgage.lhfs.com/CapeCoral/,pool 3
http://mortgage.lhfs.com/PaulYoung/,pool 3
http://mortgage.lhfs.com/SheilaGarcia/,pool 3
http://mortgage.lhfs.com/DouglasHart/,pool 3
http://mortgage.lhfs.com/WillDavidson/,pool 3
http://www.metrohmc.com/BryanTyler/,pool 4
http://www.metrohmc.com/CraigLawrence/,pool 4
http://www.metrohmc.com/JimmyKopp/,pool 4
http://www.metrohmc.com/PaulClaudio/,pool 4
http://www.metrohmc.com/RalphFlores/,pool 4
http://www.metrohmc.com/TonyKahkosko/,pool 4
http://www.metrohmc.com/BrianSkelley/,pool 4
http://www.metrohmc.com/BrookLuter/,pool 4
http://www.metrohmc.com/ChrisWeir/,pool 4
http://www.metrohmc.com/DanielBarrera/,pool 4
http://www.metrohmc.com/GlennHolland/,pool 4
http://www.metrohmc.com/TomBoatman/,pool 4
http://www.metrohmc.com/LaurenCurry/,pool 4
http://www.metrohmc.com/TinoMontelongo/,pool 4
http://www.metrohmc.com/SteveNettles/,pool 4
http://www.metrohmc.com/GeoffreyWallace/,pool 4
http://www.metrohmc.com/JoeDelgado/,pool 4
http://www.metrohmc.com/LaNeiceKersten/,pool 4
http://www.metrohmc.com/AlfredCabrera/,pool 4
http://www.metrohmc.com/BertaFreire/,pool 4
http://www.metrohmc.com/StevenHatcher/,pool 4
http://www.metrohmc.com/AlexRodriguez/,pool 4
http://www.metrohmc.com/BobSparrow/,pool 4
http://www.metrohmc.com/JasonParker/,pool 4
http://www.metrohmc.com/JasonDiez/,pool 4
http://www.metrohmc.com/CamVolini/,pool 4
http://www.metrohmc.com/SandraDeFazio/,pool 4
http://www.metrohmc.com/RennyMitchell/,pool 4
http://www.metrohmc.com/BobKing/,pool 4
http://www.metrohmc.com/ChristinBlair/,pool 4
http://www.metrohmc.com/CindyHarper/,pool 4
http://www.metrohmc.com/DarrenOrshoff/,pool 4
http://www.metrohmc.com/IgnacioValencia/,pool 4
http://www.metrohmc.com/JimMiller/,pool 4
http://www.metrohmc.com/LoriWakatake/,pool 4
http://www.metrohmc.com/MarkAllen/,pool 4
http://www.metrohmc.com/TerrieNevis/,pool 4
http://www.metrohmc.com/TerryFry/,pool 4
http://www.metrohmc.com/TrishGlasser/,pool 4
http://www.snmc.com/JoeSpadoni/,pool 6
http://www.snmc.com/FayStrange/,pool 6
http://www.snmc.com/ChanningHopkins/,pool 6
http://www.snmc.com/JordanCarter/,pool 6
http://www.snmc.com/lizaneilson/,pool 6
http://www.snmc.com/FranciscoPena/,pool 6
http://www.snmc.com/PatSmoot/,pool 6
http://www.snmc.com/KimberlyJones/,pool 6
http://www.snmc.com/JeanRamey/,pool 6
http://www.snmc.com/JoshuaMagnussen/,pool 6
http://www.snmc.com/BryanSnyder/,pool 6
http://www.snmc.com/JohnOtero/,pool 6
http://www.snmc.com/DonClawson/,pool 6
http://www.snmc.com/JoyPratt/,pool 6
http://www.snmc.com/NickNeal/,pool 6
http://www.snmc.com/CherylOwens/,pool 6
http://www.snmc.com/RobbLeishman/,pool 6
http://www.snmc.com/RoundRock/,pool 6
http://www.snmc.com/mikepuente/,pool 6
http://www.snmc.com/MikeGoetz/,pool 6
http://www.snmc.com/NatalieFokine/,pool 6
http://www.snmc.com/ConnieHare/,pool 6
http://www.snmc.com/DonnaDuffin/,pool 6
http://www.snmc.com/HelenGraves/,pool 6
http://www.snmc.com/DelvinDavis/,pool 6
http://www.snmc.com/BertaHillison/,pool 6
http://www.snmc.com/LizHernandez/,pool 6
http://www.snmc.com/TaylorKing/,pool 6
http://www.snmc.com/CrystalBurton/,pool 6
http://www.snmc.com/CindieSamuels/,pool 6
http://www.snmc.com/JasonAllred/,pool 6
http://www.snmc.com/CynthiaStafford/,pool 6
http://www.snmc.com/SydneyMower/,pool 6
http://www.snmc.com/SummerGoodro/,pool 6
http://www.snmc.com/TimTindall/,pool 6
http://www.snmc.com/JamesBurroughs/,pool 6
http://www.snmc.com/IraPayne/,pool 6
http://www.snmc.com/ElizabethPosadas/,pool 6
http://www.snmc.com/JorgeNogueras/,pool 6
http://www.snmc.com/LonnyClark/,pool 6
http://www.snmc.com/BlaineRickford/,pool 6
http://www.snmc.com/DeniseBeswick/,pool 6
http://www.snmc.com/SunnyVerma/,pool 6
http://www.snmc.com/SherryAllen/,pool 6
http://www.snmc.com/MichaelCortellessa/,pool 6
http://www.snmc.com/ChadBromagen/,pool 6
http://www.snmc.com/DawnDeVoe/,pool 6
http://www.snmc.com/KevinSleater/,pool 6
http://www.snmc.com/SanyuBarnicoat/,pool 6
http://www.snmc.com/AprilStieben/,pool 6
http://www.snmc.com/SergioDC/,pool 6
http://www.snmc.com/JorgeAlvarez/,pool 6
http://www.snmc.com/LindaWeathers/,pool 6
http://www.snmc.com/mattgood/,pool 6
http://www.snmc.com/CynthiaLopez/,pool 6
http://www.snmc.com/DavidKobierski/,pool 6
http://www.snmc.com/RickTakeshita/,pool 6
http://www.snmc.com/Roseville/,pool 6
http://www.snmc.com/ToddNagata/,pool 6
http://www.snmc.com/IvonneVasquez/,pool 6
http://www.snmc.com/LouieGallo/,pool 6
http://www.snmc.com/MariaGuzman/,pool 6
http://www.snmc.com/PaulKruzelock/,pool 6
http://www.snmc.com/ElizabethSnyder/,pool 6
http://www.snmc.com/AlanBeers/,pool 6
http://www.snmc.com/EricPoulson/,pool 6
http://www.snmc.com/StephanoAnamisis/,pool 6
http://www.snmc.com/MirajoyRayo/,pool 6
http://www.snmc.com/BrianZagami/,pool 6
http://www.snmc.com/JuanQuintanilla/,pool 6
http://www.snmc.com/DarinRhodes/,pool 6
http://www.snmc.com/AliciaBabic/,pool 6
http://www.snmc.com/BradToft/,pool 6
http://www.snmc.com/BrandonBazemore/,pool 6
http://www.snmc.com/AngelaKnight/,pool 6
http://www.snmc.com/LisaCash/,pool 6
http://www.snmc.com/honolulu/,pool 6
http://www.snmc.com/mountainview/,pool 6
http://www.snmc.com/GregGilman/,pool 6
http://www.snmc.com/GaylenDouglas/,pool 6
http://www.snmc.com/ManolaKozar/,pool 6
http://www.snmc.com/TracieFujikane/,pool 6
http://www.snmc.com/AlegriaTrinidad/,pool 6
http://www.snmc.com/CarlosPulecio/,pool 6
http://www.snmc.com/GeorgeAplicano/,pool 6
http://www.snmc.com/HectorDominguez/,pool 6
http://www.snmc.com/KarenEdwards/,pool 6
http://www.snmc.com/KariFitzgerald/,pool 6
http://www.snmc.com/KariHarmon/,pool 6
http://www.snmc.com/MiguelDeLaRiva/,pool 6
http://www.snmc.com/ToddBruess/,pool 6
http://www.snmc.com/WillieMoore/,pool 6
http://www.snmc.com/WilliamKerwin/,pool 6
http://www.snmc.com/VickiWilliams/,pool 6
http://www.snmc.com/SueWeeks/,pool 6
http://www.snmc.com/TesWaltosz/,pool 6
http://www.snmc.com/RosaRamirez/,pool 6
http://www.snmc.com/RussellRush/,pool 6
http://www.snmc.com/RyanCarpenter/,pool 6
http://www.snmc.com/SabrinaLinman/,pool 6
http://www.snmc.com/training/,pool 6
http://www.snmc.com/JosieMorales/,pool 6
http://www.snmc.com/PeteChase/,pool 6
http://www.snmc.com/RyanRodriguez/,pool 6
http://www.snmc.com/AngelicaQuintanilla/,pool 6
http://www.snmc.com/ArmandoVillalobos/,pool 6
http://www.snmc.com/AshleyByrd/,pool 6
http://www.snmc.com/BoCrawford/,pool 6
http://www.snmc.com/BradyBeyer/,pool 6
http://www.snmc.com/BrnwynArbuckle/,pool 6
http://www.snmc.com/CarolRoth/,pool 6
http://www.snmc.com/CathleenMaryGutierrez/,pool 6
http://www.snmc.com/CecilMartinez/,pool 6
http://www.snmc.com/CharlesFriedman/,pool 6
http://www.snmc.com/CharlesHeyne/,pool 6
http://www.snmc.com/CherylHornikel/,pool 6
http://www.snmc.com/ChristinaHawkins/,pool 6
http://www.snmc.com/ClarkColledge/,pool 6
http://www.snmc.com/ChuckSmith/,pool 6
http://www.snmc.com/CodyBailey/,pool 6
http://www.snmc.com/CoryUre/,pool 6
http://www.snmc.com/JaconStein/,pool 6
http://www.snmc.com/JamesSineath/,pool 6
http://www.snmc.com/JacquelineClarke/,pool 6
http://www.snmc.com/JasonDeamer/,pool 6
http://www.snmc.com/JeffRosen/,pool 6
http://www.snmc.com/JerryMiller/,pool 6
http://www.snmc.com/JoeMedrano/,pool 6
http://www.snmc.com/JoeStephens/,pool 6
http://www.snmc.com/JoelWaak/,pool 6
http://www.snmc.com/JonVance/,pool 6
http://www.snmc.com/JuanArredondo/,pool 6
http://www.snmc.com/JuanMarquez/,pool 6
http://www.snmc.com/JulieBueche/,pool 6
http://www.snmc.com/JulieCavellero/,pool 6
http://www.snmc.com/CurtisBalding/,pool 6
http://www.snmc.com/DanGescuk/,pool 6
http://www.snmc.com/DanGorman/,pool 6
http://www.snmc.com/DarylThomas/,pool 6
http://www.snmc.com/DaveClark/,pool 6
http://www.snmc.com/DennisHendrickson/,pool 6
http://www.snmc.com/DennisMosley/,pool 6
http://www.snmc.com/DevynGerber/,pool 6
http://www.snmc.com/DonnaMarquez/,pool 6
http://www.snmc.com/DouglasBradshaw/,pool 6
http://www.snmc.com/EricaSmith/,pool 6
http://www.snmc.com/ElizabethLaBita/,pool 6
http://www.snmc.com/CeciMartinez/,pool 6
http://www.snmc.com/LoriLynn/,pool 6
http://www.snmc.com/MattFrump/,pool 6
http://www.snmc.com/BillElliott/,pool 6
http://www.snmc.com/NikkiHolley/,pool 6
http://www.snmc.com/KrisPisha/,pool 6
http://www.snmc.com/KristinBailey/,pool 6
http://www.snmc.com/KristopherAlvarado/,pool 6
http://www.snmc.com/LanceHancock/,pool 6
http://www.snmc.com/LindaAldrette/,pool 6
http://www.snmc.com/LindaStoddard/,pool 6
http://www.snmc.com/LindseyMcDonald/,pool 6
http://www.snmc.com/LuisBarragan/,pool 6
http://www.snmc.com/MalcomDuke/,pool 6
http://www.snmc.com/MarciPipes/,pool 6
http://www.snmc.com/MarkHerbert/,pool 6
http://www.snmc.com/MartyHobgood/,pool 6
http://www.snmc.com/MelissaToole/,pool 6
http://www.snmc.com/Michellelkonen/,pool 6
http://www.snmc.com/JuliaBueche/,pool 6
http://www.snmc.com/MiguelGomez/,pool 6
http://www.snmc.com/MilikaDean/,pool 6
http://www.snmc.com/NathanielBittman/,pool 6
http://www.snmc.com/OttoHaeussler/,pool 6
http://www.snmc.com/PaulTagariello/,pool 6
http://www.snmc.com/PollyAdams/,pool 6
http://www.snmc.com/PremPrasad/,pool 6
http://www.snmc.com/QuynhLe/,pool 6
http://www.snmc.com/RichPemberton/,pool 6
http://www.snmc.com/RobinStanfield/,pool 6
http://www.snmc.com/RonaldGarcia/,pool 6
http://www.snmc.com/SamLarsen/,pool 6
http://www.snmc.com/SandraCanaba/,pool 6
http://www.snmc.com/SandyDresser/,pool 6
http://www.snmc.com/StaceySmith/,pool 6
http://www.snmc.com/StephanieSilverman/,pool 6
http://www.snmc.com/StephenOsman/,pool 6
http://www.snmc.com/SteveKraushar/,pool 6
http://www.snmc.com/TonyHerrera/,pool 6
http://www.snmc.com/AbbyMonroy/,pool 6
http://www.snmc.com/ChrisCarr/,pool 6
http://www.snmc.com/ClaudyaGutierrez/,pool 6
http://www.snmc.com/EvaWoodfin/,pool 6
http://www.snmc.com/RebeccaTorrero/,pool 6
http://www.snmc.com/DarnellSouza/,pool 9
http://www.snmc.com/JasonRichardson/,pool 9
http://www.snmc.com/JenniferNeumann/,pool 9
http://www.snmc.com/LupitaTraba/,pool 9
http://www.snmc.com/AdamWilson/,pool 9
http://www.snmc.com/AdrianaCamacho/,pool 9
http://www.snmc.com/AlbertMedina/,pool 9
http://www.snmc.com/AldoMilanes/,pool 9
http://www.snmc.com/AlexisKThomas/,pool 9
http://www.snmc.com/AlexSalvador/,pool 9
http://www.snmc.com/AlfredPalafox/,pool 9
http://www.snmc.com/AliceEllis/,pool 9
http://www.snmc.com/AllenHarry/,pool 9
http://www.snmc.com/AmandaMarieMcLachlan/,pool 9
http://www.snmc.com/AmberAlisaSegura/,pool 9
http://www.snmc.com/AmberColeman/,pool 9
http://www.snmc.com/AmberSegura/,pool 9
http://www.snmc.com/AmeliaGraham/,pool 9
http://www.snmc.com/AmyWYost/,pool 9
http://www.snmc.com/AnaArriola/,pool 9
http://www.snmc.com/AnaLindaGuerrero/,pool 9
http://www.snmc.com/AnastasiaGrigorova/,pool 9
http://www.snmc.com/AnaTello/,pool 9
http://www.snmc.com/AndrewPMiller/,pool 9
http://www.snmc.com/AprilSlizewski/,pool 9
http://www.snmc.com/ARIFFKHIMANI/,pool 9
http://www.snmc.com/Arlington/,pool 9
http://www.snmc.com/ArtNieto/,pool 9
http://www.snmc.com/AshleyRobinByrd/,pool 9
http://www.snmc.com/AshlieJawnRoe/,pool 9
http://www.snmc.com/AurelioDorisMartin/,pool 9
http://www.snmc.com/Austin/,pool 9
http://www.snmc.com/Austin2900/,pool 9
http://www.snmc.com/Austin8700/,pool 9
http://www.snmc.com/BarbaraHansen/,pool 9
http://www.snmc.com/BenDayawansa/,pool 9
http://www.snmc.com/BethBurdett/,pool 9
http://www.snmc.com/BillGranger/,pool 9
http://www.snmc.com/binghamHS/,pool 9
http://www.snmc.com/BlakeBarnes/,pool 9
http://www.snmc.com/BlakeReese/,pool 9
http://www.snmc.com/BobbiWoody/,pool 9
http://www.snmc.com/BobbyLynnStump/,pool 9
http://www.snmc.com/BobEnnis/,pool 9
http://www.snmc.com/BobScott/,pool 9
http://www.snmc.com/BonnieBarney/,pool 9
http://www.snmc.com/bonny/,pool 9
http://www.snmc.com/BonnyeWilliams-McGeary/,pool 9
http://www.snmc.com/BradBarrick/,pool 9
http://www.snmc.com/BradyMHartzog/,pool 9
http://www.snmc.com/BrentJamison/,pool 9
http://www.snmc.com/BrentLincowski/,pool 9
http://www.snmc.com/BrentMerrillMaddox/,pool 9
http://www.snmc.com/BrettBryson/,pool 9
http://www.snmc.com/BrettToddAllerman/,pool 9
http://www.snmc.com/BriandeArmas/,pool 9
http://www.snmc.com/BrianHiatt/,pool 9
http://www.snmc.com/BrianHill/,pool 9
http://www.snmc.com/BrIanStarratt/,pool 9
http://www.snmc.com/BrittanyDWalrath/,pool 9
http://www.snmc.com/Brownsville/,pool 9
http://www.snmc.com/Burleson/,pool 9
http://www.snmc.com/calipurchase/,pool 9
http://www.snmc.com/calirefi/,pool 9
http://www.snmc.com/CamiloRodriguez/,pool 9
http://www.snmc.com/CandaceCloud/,pool 9
http://www.snmc.com/CandaceOlson/,pool 9
http://www.snmc.com/capital/,pool 9
http://www.snmc.com/careers/,pool 9
http://www.snmc.com/CarloSanchez/,pool 9
http://www.snmc.com/CarlosEduardoPlazas/,pool 9
http://www.snmc.com/CarminePellegrino/,pool 9
http://www.snmc.com/CathleenGutierrez/,pool 9
http://www.snmc.com/ChalamaineCarr/,pool 9
http://www.snmc.com/CharlesMcNall/,pool 9
http://www.snmc.com/CharlesPlimmer/,pool 9
http://www.snmc.com/CherieAnderson/,pool 9
http://www.snmc.com/ChrisHanna/,pool 9
http://www.snmc.com/ChrisQuirante/,pool 9
http://www.snmc.com/ChrisSproull/,pool 9
http://www.snmc.com/ChristinaJZarrelli/,pool 9
http://www.snmc.com/ChristopherHicks/,pool 9
http://www.snmc.com/CindyODea/,pool 9
http://www.snmc.com/ClaudineJeanneBranchaudWest/,pool 9
http://www.snmc.com/ClaudineWest/,pool 9
http://www.snmc.com/ClaytonElton/,pool 9
http://www.snmc.com/CodyChristensen/,pool 9
http://www.snmc.com/ColeRegan/,pool 9
http://www.snmc.com/Columbus/,pool 9
http://www.snmc.com/CorydonUre/,pool 9
http://www.snmc.com/CraigClayson/,pool 9
http://www.snmc.com/CristieNorth/,pool 9
http://www.snmc.com/CruzGamboa/,pool 9
http://www.snmc.com/CurtisHeaton/,pool 9
http://www.snmc.com/DaffanaGray/,pool 9
http://www.snmc.com/DagobertoUrdinola/,pool 9
http://www.snmc.com/DaleAsh/,pool 9
http://www.snmc.com/DaleOgdenPalsson/,pool 9
http://www.snmc.com/Dallas/,pool 9
http://www.snmc.com/Dallas4144/,pool 9
http://www.snmc.com/danascott/,pool 9
http://www.snmc.com/DanMunford/,pool 9
http://www.snmc.com/DannaHagenburger/,pool 9
http://www.snmc.com/DarrylPlaisance/,pool 9
http://www.snmc.com/DavePurdy/,pool 9
http://www.snmc.com/DavidArmandoGomez/,pool 9
http://www.snmc.com/DavidHay/,pool 9
http://www.snmc.com/DavidLouisChristensen/,pool 9
http://www.snmc.com/DavidRichardHanthorn/,pool 9
http://www.snmc.com/DavidSamuelGoldhirsh/,pool 9
http://www.snmc.com/DavidSisler/,pool 9
http://www.snmc.com/DavidSullivan/,pool 9
http://www.snmc.com/DeaneHarlow/,pool 9
http://www.snmc.com/DeborahJeanTaylor/,pool 9
http://www.snmc.com/DelenaAdeleHaywood/,pool 9
http://www.snmc.com/DeniseLoweShonda/,pool 9
http://www.snmc.com/DennisPhelan/,pool 9
http://www.snmc.com/DennisShaneMcMillan/,pool 9
http://www.snmc.com/DennisWilson/,pool 9
http://www.snmc.com/DHarlow/,pool 9
http://www.snmc.com/DianaCatherineOverstreet/,pool 9
http://www.snmc.com/DianaMorato/,pool 9
http://www.snmc.com/DianaOverstreet/,pool 9
http://www.snmc.com/DianeF(Nunley)Nelson/,pool 9
http://www.snmc.com/DianeNelson/,pool 9
http://www.snmc.com/direct/,pool 9
http://www.snmc.com/DixieKnowles/,pool 9
http://www.snmc.com/DonnaTatsch/,pool 9
http://www.snmc.com/DonSchaening/,pool 9
http://www.snmc.com/DorisMartin/,pool 9
http://www.snmc.com/DouglasDay/,pool 9
http://www.snmc.com/DougRoundy/,pool 9
http://www.snmc.com/dream/,pool 9
http://www.snmc.com/EddyAbelEstrada/,pool 9
http://www.snmc.com/EdwardMRiggs/,pool 9
http://www.snmc.com/elinashumway/,pool 9
http://www.snmc.com/ElizabethRueda/,pool 9
http://www.snmc.com/ElPaso/,pool 9
http://www.snmc.com/ElyseGeldermann/,pool 9
http://www.snmc.com/EricDaker/,pool 9
http://www.snmc.com/EricLarsen/,pool 9
http://www.snmc.com/EricThompson/,pool 9
http://www.snmc.com/ErnieRey/,pool 9
http://www.snmc.com/EstellaGalan/,pool 9
http://www.snmc.com/EugeneDemeter/,pool 9
http://www.snmc.com/EugeneJuliusDemeter/,pool 9
http://www.snmc.com/FaithWilhelmsen/,pool 9
http://www.snmc.com/flddream/,pool 9
http://www.snmc.com/Florence/,pool 9
http://www.snmc.com/ForestHoffmann/,pool 9
http://www.snmc.com/FortWorth/,pool 9
http://www.snmc.com/FredMrozek/,pool 9
http://www.snmc.com/FundaSarilar/,pool 9
http://www.snmc.com/GarityHathaway/,pool 9
http://www.snmc.com/GeorgeVoukitchevitch/,pool 9
http://www.snmc.com/GerryDiaz/,pool 9
http://www.snmc.com/GillesBoumans/,pool 9
http://www.snmc.com/golf/,pool 9
http://www.snmc.com/GregCarmody/,pool 9
http://www.snmc.com/gregcaton/,pool 9
http://www.snmc.com/GregoryLanceWaldie/,pool 9
http://www.snmc.com/GuillermoAlejandroRetis/,pool 9
http://www.snmc.com/gym/,pool 9
http://www.snmc.com/HaroldBanks/,pool 9
http://www.snmc.com/harp/,pool 9
http://www.snmc.com/HeatherRiggs/,pool 9
http://www.snmc.com/HectorJimenez/,pool 9
http://www.snmc.com/HeidiSnarr/,pool 9
http://www.snmc.com/HellenMugisa/,pool 9
http://www.snmc.com/HernanValladares/,pool 9
http://www.snmc.com/historicallylow/,pool 9
http://www.snmc.com/Houston/,pool 9
http://www.snmc.com/Houston17000/,pool 9
http://www.snmc.com/Houston17347/,pool 9
http://www.snmc.com/Houston2825/,pool 9
http://www.snmc.com/Houston6420/,pool 9
http://www.snmc.com/Houston7410/,pool 9
http://www.snmc.com/HugoRuiz/,pool 9
http://www.snmc.com/IsaacIbrahim/,pool 9
http://www.snmc.com/JackLynnJrBeckstead/,pool 9
http://www.snmc.com/JacobBanks/,pool 9
http://www.snmc.com/JacobRusso/,pool 9
http://www.snmc.com/JacquelineSaldana/,pool 9
http://www.snmc.com/JamesBranek/,pool 9
http://www.snmc.com/JamesHoffman/,pool 9
http://www.snmc.com/JamesStryker/,pool 9
http://www.snmc.com/JamieHoggattII/,pool 9
http://www.snmc.com/JamieLynnWhipple/,pool 9
http://www.snmc.com/JanetCastrejon/,pool 9
http://www.snmc.com/JanetFloresCastrejon/,pool 9
http://www.snmc.com/JarrodMcOmie/,pool 9
http://www.snmc.com/JasonAGautreau/,pool 9
http://www.snmc.com/JasonCulliton/,pool 9
http://www.snmc.com/JasonGautreau/,pool 9
http://www.snmc.com/JayBass/,pool 9
http://www.snmc.com/JeanneneArnell/,pool 9
http://www.snmc.com/JeffRauth/,pool 9
http://www.snmc.com/JeffRoussin/,pool 9
http://www.snmc.com/JenniferLynneBaldwin/,pool 9
http://www.snmc.com/JenniferMendoza/,pool 9
http://www.snmc.com/JenniferNewland/,pool 9
http://www.snmc.com/JenniferShelton/,pool 9
http://www.snmc.com/JennyStaton/,pool 9
http://www.snmc.com/JenyRomero/,pool 9
http://www.snmc.com/JeremySorensen/,pool 9
http://www.snmc.com/JerryHassler/,pool 9
http://www.snmc.com/JessicaAcosta/,pool 9
http://www.snmc.com/JillLand/,pool 9
http://www.snmc.com/JimBriggs/,pool 9
http://www.snmc.com/JMurphy/,pool 9
http://www.snmc.com/JoelEllowitz/,pool 9
http://www.snmc.com/JoelHarward/,pool 9
http://www.snmc.com/JohnCornett/,pool 9
http://www.snmc.com/JohnDodd/,pool 9
http://www.snmc.com/JohnDunn/,pool 9
http://www.snmc.com/JohnHGeorges/,pool 9
http://www.snmc.com/JohnJuge/,pool 9
http://www.snmc.com/JohnMcKinley/,pool 9
http://www.snmc.com/JonathanCrain/,pool 9
http://www.snmc.com/JonathanPawlina/,pool 9
http://www.snmc.com/JosephFrancisHughes/,pool 9
http://www.snmc.com/JosephHughes/,pool 9
http://www.snmc.com/JosephSmatana/,pool 9
http://www.snmc.com/JoshuaGomm/,pool 9
http://www.snmc.com/JoshuaLewisKoenig/,pool 9
http://www.snmc.com/JPaulChristensen/,pool 9
http://www.snmc.com/JrOakleyPost/,pool 9
http://www.snmc.com/juddamundson/,pool 9
http://www.snmc.com/JulieJacobsen/,pool 9
http://www.snmc.com/JulieVelasco/,pool 9
http://www.snmc.com/JuneWinklerTeixeira/,pool 9
http://www.snmc.com/JustinBasso/,pool 9
http://www.snmc.com/KammraMontgomery/,pool 9
http://www.snmc.com/KaraRobbins/,pool 9
http://www.snmc.com/KaraSiracusa/,pool 9
http://www.snmc.com/KarenArias/,pool 9
http://www.snmc.com/KarenJTurner/,pool 9
http://www.snmc.com/KarenScott/,pool 9
http://www.snmc.com/KarieSummers/,pool 9
http://www.snmc.com/KarimyMaldonado/,pool 9
http://www.snmc.com/KaronBethBurdett/,pool 9
http://www.snmc.com/KathyVolkman/,pool 9
http://www.snmc.com/KeithSargent/,pool 9
http://www.snmc.com/KeithStuartLindstrom/,pool 9
http://www.snmc.com/KellyDeLeeuw/,pool 9
http://www.snmc.com/KellyGlenn/,pool 9
http://www.snmc.com/KellySantos/,pool 9
http://www.snmc.com/KennethBHughes/,pool 9
http://www.snmc.com/KenWalker/,pool 9
http://www.snmc.com/KevinBrochtrup/,pool 9
http://www.snmc.com/KhamphayRoesner/,pool 9
http://www.snmc.com/KimberlyBentson/,pool 9
http://www.snmc.com/KimberlyClayson/,pool 9
http://www.snmc.com/KimberlyDainton/,pool 9
http://www.snmc.com/KimGilbertsen/,pool 9
http://www.snmc.com/Kingwood/,pool 9
http://www.snmc.com/Kiss/,pool 9
http://www.snmc.com/KrisJorgensen/,pool 9
http://www.snmc.com/KristenAPrattCanales/,pool 9
http://www.snmc.com/KristinJeanClardy/,pool 9
http://www.snmc.com/KurtDeWitz/,pool 9
http://www.snmc.com/KyleCastle/,pool 9
http://www.snmc.com/Lakeway/,pool 9
http://www.snmc.com/LaneThompson/,pool 9
http://www.snmc.com/Laredo/,pool 9
http://www.snmc.com/LaRitaLorenePrice/,pool 9
http://www.snmc.com/LarryMcDowell/,pool 9
http://www.snmc.com/LarryRodriguez/,pool 9
http://www.snmc.com/lasvegas/,pool 9
http://www.snmc.com/LaudyYazbek/,pool 9
http://www.snmc.com/LauraMMcNabb/,pool 9
http://www.snmc.com/LaurieNunley/,pool 9
http://www.snmc.com/lauriewest/,pool 9
http://www.snmc.com/LeAnnaPorter/,pool 9
http://www.snmc.com/LeesaMillham/,pool 9
http://www.snmc.com/LeslieTuttle/,pool 9
http://www.snmc.com/LhersyFleming/,pool 9
http://www.snmc.com/LindaKilgore/,pool 9
http://www.snmc.com/LindaMiller/,pool 9
http://www.snmc.com/LindyParks/,pool 9
http://www.snmc.com/LisaJeanneFoster/,pool 9
http://www.snmc.com/LisaNewman/,pool 9
http://www.snmc.com/LisaThompson/,pool 9
http://www.snmc.com/LisaWahlin/,pool 9
http://www.snmc.com/LJarrin/,pool 9
http://www.snmc.com/LoanPro/,pool 9
http://www.snmc.com/LorraineMacias/,pool 9
http://www.snmc.com/lplighthouse/,pool 9
http://www.snmc.com/Lubbock/,pool 9
http://www.snmc.com/LuisAntonioHerrera/,pool 9
http://www.snmc.com/lvluxury/,pool 9
http://www.snmc.com/LYbarra/,pool 9
http://www.snmc.com/LymanKing/,pool 9
http://www.snmc.com/LyndaRichards/,pool 9
http://www.snmc.com/MalindaJeanHealy/,pool 9
http://www.snmc.com/ManfretRoesnerMadera/,pool 9
http://www.snmc.com/ManuelFGarcia/,pool 9
http://www.snmc.com/MarcFletcher/,pool 9
http://www.snmc.com/MargaretAnnShearer/,pool 9
http://www.snmc.com/MariaGabrielaMiranda/,pool 9
http://www.snmc.com/MariaPowell/,pool 9
http://www.snmc.com/MariaVarnado/,pool 9
http://www.snmc.com/MarilynJeanCulotta/,pool 9
http://www.snmc.com/MarkAMartinez/,pool 9
http://www.snmc.com/MarkFarley/,pool 9
http://www.snmc.com/MarkFisher/,pool 9
http://www.snmc.com/MarkRandellMcDonald/,pool 9
http://www.snmc.com/MarkShannonSmith/,pool 9
http://www.snmc.com/MarkSolis/,pool 9
http://www.snmc.com/MarvinKostelecky/,pool 9
http://www.snmc.com/MaryMurphy/,pool 9
http://www.snmc.com/MaryPrattKunzweiler/,pool 9
http://www.snmc.com/MatthewNWalker/,pool 9
http://www.snmc.com/MatthewWhetton/,pool 9
http://www.snmc.com/MattSpinn/,pool 9
http://www.snmc.com/MedradoLunaGill/,pool 9
http://www.snmc.com/MelanieHegewald/,pool 9
http://www.snmc.com/MelanieMurray/,pool 9
http://www.snmc.com/mgsignup/,pool 9
http://www.snmc.com/MichaelArthurDean/,pool 10
http://www.snmc.com/MichaelBennett/,pool 10
http://www.snmc.com/MichaelDelgado/,pool 10
http://www.snmc.com/MichaelDoerr/,pool 10
http://www.snmc.com/MichaelPavlica/,pool 10
http://www.snmc.com/MichaelSNaumu/,pool 10
http://www.snmc.com/MichalKoncar/,pool 10
http://www.snmc.com/mickgill/,pool 10
http://www.snmc.com/MiguelOctavioLopez/,pool 10
http://www.snmc.com/MikeElliott/,pool 10
http://www.snmc.com/MikeSorensen/,pool 10
http://www.snmc.com/MindyKayOrtiz/,pool 10
http://www.snmc.com/MireyaMartinez/,pool 10
http://www.snmc.com/MiriamAiazzi/,pool 10
http://www.snmc.com/MistyYork/,pool 10
http://www.snmc.com/MitchellEdwardHackney/,pool 10
http://www.snmc.com/MonikaRike/,pool 10
http://www.snmc.com/MoniqueWVick/,pool 10
http://www.snmc.com/MorrisKunz/,pool 10
http://www.snmc.com/NadaleeNunnelley/,pool 10
http://www.snmc.com/nashua/,pool 10
http://www.snmc.com/NatalieAllison/,pool 10
http://www.snmc.com/NateBenson/,pool 10
http://www.snmc.com/NathanMichaelBeauchamp/,pool 10
http://www.snmc.com/NicciHoward/,pool 10
http://www.snmc.com/NicholasPollock/,pool 10
http://www.snmc.com/NicoleRSorensen/,pool 10
http://www.snmc.com/NohemiPerez/,pool 10
http://www.snmc.com/NormaMariaArmendariz/,pool 10
http://www.snmc.com/OrinEBagley/,pool 10
http://www.snmc.com/OunmanyMilavong/,pool 10
http://www.snmc.com/ownmyhome/,pool 10
http://www.snmc.com/PabloEMartinez/,pool 10
http://www.snmc.com/PamelaBoughn/,pool 10
http://www.snmc.com/PamelaFrench/,pool 10
http://www.snmc.com/PaolaReyes/,pool 10
http://www.snmc.com/PattyGlenn/,pool 10
http://www.snmc.com/PaulBardakjian/,pool 10
http://www.snmc.com/PaulHickey/,pool 10
http://www.snmc.com/PaulIanTschernia/,pool 10
http://www.snmc.com/PaulineGarcia/,pool 10
http://www.snmc.com/PeterKimmery/,pool 10
http://www.snmc.com/PeteSemon/,pool 10
http://www.snmc.com/PhilipTravisRinger/,pool 10
http://www.snmc.com/PhilRodriguez/,pool 10
http://www.snmc.com/PhilWilson/,pool 10
http://www.snmc.com/PieterWouden/,pool 10
http://www.snmc.com/PKimmery/,pool 10
http://www.snmc.com/preapproval/,pool 10
http://www.snmc.com/RainWallace/,pool 10
http://www.snmc.com/RamonaElaineAlexander/,pool 10
http://www.snmc.com/RamonaMontoya/,pool 10
http://www.snmc.com/RandeeJaques/,pool 10
http://www.snmc.com/RandyGelhaus/,pool 10
http://www.snmc.com/RandyRexLund/,pool 10
http://www.snmc.com/RaulBrito/,pool 10
http://www.snmc.com/RavenJohnson/,pool 10
http://www.snmc.com/RayWilliams/,pool 10
http://www.snmc.com/RhondaDeniseCook/,pool 10
http://www.snmc.com/RhondaJenkins/,pool 10
http://www.snmc.com/RichardHughes/,pool 10
http://www.snmc.com/RichmondHeights/,pool 10
http://www.snmc.com/RickCardillo/,pool 10
http://www.snmc.com/RickFrankNelson/,pool 10
http://www.snmc.com/RickHughes/,pool 10
http://www.snmc.com/RickLThomas/,pool 10
http://www.snmc.com/RickNelson/,pool 10
http://www.snmc.com/RigsMorata/,pool 10
http://www.snmc.com/robbreport/,pool 10
http://www.snmc.com/RobertAyala/,pool 10
http://www.snmc.com/RobertCarrillo/,pool 10
http://www.snmc.com/RobertLeeScott/,pool 10
http://www.snmc.com/RobertLeonJrSklodowski/,pool 10
http://www.snmc.com/RobertOstergard/,pool 10
http://www.snmc.com/RobertVaughn/,pool 10
http://www.snmc.com/RomericoJDeleon/,pool 10
http://www.snmc.com/RonaldDouglasHaluczak/,pool 10
http://www.snmc.com/RonHolt/,pool 10
http://www.snmc.com/RosaAWurth/,pool 10
http://www.snmc.com/RosaKeller/,pool 10
http://www.snmc.com/RosieCamou/,pool 10
http://www.snmc.com/RosieRobertson/,pool 10
http://www.snmc.com/RoundRock1901/,pool 10
http://www.snmc.com/RoxanneTychsen/,pool 10
http://www.snmc.com/RussCottam/,pool 10
http://www.snmc.com/RussWheelwright/,pool 10
http://www.snmc.com/RyanHBailey/,pool 10
http://www.snmc.com/SalQuezada/,pool 10
http://www.snmc.com/SammieBeverlyDinhoble/,pool 10
http://www.snmc.com/SammyMursa/,pool 10
http://www.snmc.com/SanAntonio1110/,pool 10
http://www.snmc.com/SanAntonio1350/,pool 10
http://www.snmc.com/SandiArbolinoKariFreeman/,pool 10
http://www.snmc.com/SanjayBhatia/,pool 10
http://www.snmc.com/SanJuanita(Connie)Elizondo/,pool 10
http://www.snmc.com/SanJuanita(Connie)MarisaElizondo/,pool 10
http://www.snmc.com/ScottGritz/,pool 10
http://www.snmc.com/ScottRoss/,pool 10
http://www.snmc.com/SeanChristensen/,pool 10
http://www.snmc.com/SeanDavidChristensen/,pool 10
http://www.snmc.com/SedaMikayelyan/,pool 10
http://www.snmc.com/ShannonSmith/,pool 10
http://www.snmc.com/SharaHardin/,pool 10
http://www.snmc.com/SharonUsher/,pool 10
http://www.snmc.com/SharyllFisher/,pool 10
http://www.snmc.com/ShaunMichaelRowley/,pool 10
http://www.snmc.com/ShawnMuncy/,pool 10
http://www.snmc.com/SherriBrown/,pool 10
http://www.snmc.com/ShirleyJMulvihill/,pool 10
http://www.snmc.com/SSimone/,pool 10
http://www.snmc.com/StacyZimmon/,pool 10
http://www.snmc.com/StephenJohnFerris/,pool 10
http://www.snmc.com/SteveBighaus/,pool 10
http://www.snmc.com/SteveHansen/,pool 10
http://www.snmc.com/StevenGuzman/,pool 10
http://www.snmc.com/StevenMorrow/,pool 10
http://www.snmc.com/StevenStewart/,pool 10
http://www.snmc.com/Sugarland/,pool 10
http://www.snmc.com/SusanLiljenquist-Steiner/,pool 10
http://www.snmc.com/SyedHussain/,pool 10
http://www.snmc.com/TammyBertges/,pool 10
http://www.snmc.com/TammyHarrison/,pool 10
http://www.snmc.com/teamfletcher/,pool 10
http://www.snmc.com/TeresaBarr/,pool 10
http://www.snmc.com/TeresaHadley/,pool 10
http://www.snmc.com/TeresaLopez/,pool 10
http://www.snmc.com/TeresaMacias/,pool 10
http://www.snmc.com/ThomasDunaj/,pool 10
http://www.snmc.com/ThomasGledhill/,pool 10
http://www.snmc.com/TimBrewer/,pool 10
http://www.snmc.com/TinaBarrett/,pool 10
http://www.snmc.com/TinaBowen/,pool 10
http://www.snmc.com/TinaBrugger/,pool 10
http://www.snmc.com/TinaHogan/,pool 10
http://www.snmc.com/TinaMarieCoombs/,pool 10
http://www.snmc.com/TinleyPark/,pool 10
http://www.snmc.com/tmonaghan/,pool 10
http://www.snmc.com/TomDouroux/,pool 10
http://www.snmc.com/TomGledhill/,pool 10
http://www.snmc.com/TonyJohncola/,pool 10
http://www.snmc.com/Tooele/,pool 10
http://www.snmc.com/TracieGressmen/,pool 10
http://www.snmc.com/TrentSmith/,pool 10
http://www.snmc.com/TreveKinsey/,pool 10
http://www.snmc.com/TroyMannella/,pool 10
http://www.snmc.com/Tyler/,pool 10
http://www.snmc.com/ure/,pool 10
http://www.snmc.com/VandaraSrey/,pool 10
http://www.snmc.com/VanessaIrvin/,pool 10
http://www.snmc.com/VictorArana/,pool 10
http://www.snmc.com/WayneBrown/,pool 10
http://www.snmc.com/Weatherford/,pool 10
http://www.snmc.com/WendaLScott/,pool 10
http://www.snmc.com/WendyHurd/,pool 10
http://www.snmc.com/WesCroker/,pool 10
http://www.snmc.com/WilliamAndrewJrTurner/,pool 10
http://www.snmc.com/WilliamOuellette/,pool 10
http://www.snmc.com/WilliamZumwalt/,pool 10
http://www.snmc.com/WKerwin/,pool 10
http://www.snmc.com/Woodlands/,pool 10
http://www.snmc.com/Woodridge/,pool 10
http://www.snmc.com/YanivOffir/,pool 10
http://www.snmc.com/YoungHoonSong/,pool 10
http://www.snmc.com/MichaelMacDonald/,pool 10
http://www.snmc.com/YsidroFuentes/,pool 10
http://www.snmc.com/HunterHornsby/,pool 10
http://www.snmc.com/OlivaLerma/,pool 10
http://www.snmc.com/DamienSilva/,pool 10
http://www.snmc.com/Tampa/,pool 10
http://www.snmc.com/AmberHorton/,pool 10
http://www.snmc.com/rules/,pool 10
http://www.snmc.com/JakeTaylor/,pool 10
http://www.snmc.com/JanHill/,pool 10
http://www.snmc.com/DelmaHernandez/,pool 10
http://www.snmc.com/DanAndrews/,pool 10
http://www.snmc.com/MelanieTaliaferro/,pool 10
http://www.snmc.com/CedricReynolds/,pool 10
http://www.snmc.com/JudyBosarge/,pool 10
http://www.snmc.com/VirgilTyler/,pool 10
http://www.snmc.com/DarrinLee/,pool 10
http://www.snmc.com/AnselmoDavila/,pool 10
http://www.snmc.com/MichelleFee/,pool 10
http://www.snmc.com/TammyKoller/,pool 10
http://www.snmc.com/SusieOrtegaDalke/,pool 10
http://www.snmc.com/AlexGuzman/,pool 10
http://www.snmc.com/JanetWidmer/,pool 10
http://www.snmc.com/MarthaMendoza/,pool 10
http://www.snmc.com/RodgerMerkel/,pool 10
http://www.snmc.com/EvaJacobberger/,pool 10
http://www.snmc.com/JoseTortolero/,pool 10
http://www.snmc.com/KamronAhmadyar/,pool 10
http://www.snmc.com/JustinGoad/,pool 10
http://www.snmc.com/NicholasHardig/,pool 10
http://www.snmc.com/CamLucero/,pool 10
http://www.snmc.com/ChristopherGreene/,pool 10
http://www.snmc.com/TorbjornBerg/,pool 10
http://www.snmc.com/JeffreyJohnston/,pool 10
http://www.snmc.com/LisaPiela/,pool 10
http://www.snmc.com/BillTurner/,pool 10
http://www.snmc.com/FarmersBranch/,pool 10
http://www.snmc.com/Sacramento/,pool 10
http://www.snmc.com/Modesto/,pool 10
http://www.snmc.com/Pleasanton/,pool 10
http://www.snmc.com/SanDimas/,pool 10
http://www.snmc.com/Valencia/,pool 10
http://www.snmc.com/KatherineTurnbull/,pool 10
http://www.snmc.com/DanielTepel/,pool 10
http://www.snmc.com/JuanRodriguez/,pool 10
http://www.snmc.com/NydiaLara/,pool 10
http://www.snmc.com/RonnieHaywood/,pool 10
http://www.snmc.com/RaymundoFuentes/,pool 10
http://www.snmc.com/pb/,pool 10
http://www.snmc.com/CodyWilson/,pool 10
http://www.snmc.com/TammyVandermeulen/,pool 10
http://www.snmc.com/ChristyWhite/,pool 10
http://www.snmc.com/DonaldFreers/,pool 10
http://www.snmc.com/RolandFlores/,pool 10
http://www.snmc.com/MaryWest/,pool 10
http://www.snmc.com/AntionetteRocco/,pool 10
http://www.snmc.com/LagobertoLopez/,pool 10
http://www.snmc.com/MariaGomez/,pool 10
http://www.snmc.com/SusanValind/,pool 10
http://www.snmc.com/MichaelCadena/,pool 10
http://www.snmc.com/RandyWoods/,pool 10
http://www.snmc.com/KatieAda/,pool 10
http://www.snmc.com/TimothyMulhern/,pool 10
http://www.snmc.com/AshleyKennedy/,pool 10
http://www.snmc.com/ArmandoGuzman/,pool 10
http://www.snmc.com/AubreyJohnson/,pool 10
http://www.snmc.com/DavidPuga/,pool 10
http://www.snmc.com/BlancaCorrie/,pool 10
http://www.snmc.com/MichaelIvanov/,pool 10
http://www.snmc.com/SteveEllingson/,pool 10
http://www.snmc.com/VaughnMontgomery/,pool 10
http://www.snmc.com/JonCrain/,pool 10
http://www.snmc.com/KatieAday/,pool 10
http://www.snmc.com/ElioneMiller/,pool 10
http://www.snmc.com/RamonaRavellette/,pool 10
http://www.snmc.com/MegDavies/,pool 10
http://www.snmc.com/WilliamCopeland/,pool 10
http://www.snmc.com/SueValind/,pool 10
http://www.snmc.com/DavePettitt/,pool 10
http://www.snmc.com/EldonUpdike/,pool 10
http://www.snmc.com/ChantalTom/,pool 10
http://www.snmc.com/JohnStephens/,pool 10
http://www.snmc.com/robinweirich/,pool 10
http://www.snmc.com/SeanJunkins/,pool 10
http://www.snmc.com/TheresaHadley/,pool 10
http://www.snmc.com/JimLyman/,pool 10
http://www.snmc.com/BradHiday/,pool 10
http://www.snmc.com/HillaryHolman/,pool 10
http://www.snmc.com/FredrickDuran/,pool 10
http://www.snmc.com/Alameda/,pool 10
http://www.snmc.com/AnthonyAmes/,pool 10
http://www.snmc.com/ValeriaCollins/,pool 10
http://www.snmc.com/FrancineTyus/,pool 10
http://www.snmc.com/BiswasGhimire/,pool 10
http://www.snmc.com/PatiFalo/,pool 10
http://www.snmc.com/Sanjay/,pool 10
http://www.snmc.com/TammyV/,pool 10
http://www.snmc.com/DanielSanders/,pool 10
http://www.snmc.com/EricRodriguez/,pool 10
http://www.snmc.com/LindaChar/,pool 10
http://www.snmc.com/KendallAschoff/,pool 10
http://www.snmc.com/RichardBarrow/,pool 10
http://www.snmc.com/SunnyKelly/,pool 10
http://www.snmc.com/KeithHo/,pool 10
http://www.snmc.com/GinaHagler/,pool 10
http://www.snmc.com/GregWaldie/,pool 10
http://www.snmc.com/AJMiller/,pool 10
http://www.snmc.com/AlexCardenas/,pool 10
http://www.snmc.com/AndreWieczkowski/,pool 10
http://www.snmc.com/PhillipCottles/,pool 10
http://www.snmc.com/CiroAlmeida/,pool 10
http://www.snmc.com/EvelynPineda/,pool 10
http://www.snmc.com/BartSteinberger/,pool 10
http://www.snmc.com/VictorRubio/,pool 10
http://www.snmc.com/ChristineCox/,pool 10
http://www.snmc.com/NatalieRidder/,pool 10
http://www.snmc.com/PatrickIsom/,pool 10
http://www.snmc.com/MarkHanley/,pool 10
http://www.snmc.com/MikeYancey/,pool 10
http://www.snmc.com/MatthewPowers/,pool 10
http://www.snmc.com/WilliamStubblefield/,pool 10
http://www.snmc.com/CharlesPuente/,pool 10
http://www.snmc.com/DebbieRichardson/,pool 10
http://www.snmc.com/JohnBurnam/,pool 10
http://www.snmc.com/EdwardTaylor/,pool 10
http://www.snmc.com/MICHAELPERRY/,pool 10
http://www.snmc.com/MonicaVanV/,pool 10
http://www.snmc.com/CharlesJaffee/,pool 10
http://www.snmc.com/GarretConour/,pool 10
http://www.snmc.com/JamieJohnson/,pool 10
http://www.snmc.com/JuniorSimmonds/,pool 10
http://www.snmc.com/ScottCrosby/,pool 10
http://www.snmc.com/PatriciaGorsch/,pool 10
http://www.snmc.com/GeorgeSosa/,pool 10
http://www.snmc.com/Jorgemussio/,pool 10
http://www.snmc.com/marketing/,pool 10
http://www.snmc.com/BrianClayville/,pool 10
http://www.snmc.com/WadeBrooks/,pool 10
http://www.snmc.com/EileenScudder/,pool 10
http://www.snmc.com/gregstubblefield/,pool 10
http://www.snmc.com/BrianHudak/,pool 10
http://www.snmc.com/ChrisMotal/,pool 10
http://www.snmc.com/MelissaGiles/,pool 10
http://www.snmc.com/ClaudioBalestrini/,pool 10
http://www.snmc.com/KariFreeman/,pool 10
http://www.snmc.com/MartinGamboa/,pool 10
http://www.snmc.com/PlacidaDePerio/,pool 10
http://www.snmc.com/AmyYost/,pool 10
http://www.snmc.com/TalAdair/,pool 10
http://www.snmc.com/RobertSaunders/,pool 10
http://www.snmc.com/TysonHare/,pool 10
http://www.snmc.com/TonyRusso/,pool 10
http://www.snmc.com/texas/,pool 10
http://www.snmc.com/southaustin/,pool 10
http://www.snmc.com/766loan/,pool 10
http://www.snmc.com/stlouis/,pool 10
http://www.snmc.com/newmexico/,pool 10
http://www.snmc.com/dayton/,pool 10
http://www.snmc.com/PittsburghPA/,pool 10
http://www.snmc.com/knoxville/,pool 10
http://www.snmc.com/austinc4/,pool 10
http://www.snmc.com/rgv/,pool 10
http://www.snmc.com/westelpaso/,pool 10
http://www.snmc.com/CharlesRutland/,pool 10
http://www.snmc.com/JudyCase/,pool 10
http://www.snmc.com/MartinLona/,pool 10
http://www.snmc.com/BritainyWilkerson/,pool 10
http://www.snmc.com/Bellevue/,pool 10
http://www.snmc.com/themillergroup/,pool 10
http://www.snmc.com/GinnyJones/,pool 10
http://www.snmc.com/JenniferGates/,pool 10
http://www.snmc.com/MalissaScott/,pool 10
http://www.snmc.com/KathyMatthews/,pool 10
http://www.snmc.com/JasonRios/,pool 10
http://www.snmc.com/JimLiberto/,pool 10