http://residential.bankunited.com/AEisenman/,pool 1
http://residential.bankunited.com/ALaguna/,pool 1
http://residential.bankunited.com/ANice/,pool 1
http://residential.bankunited.com/BBillini/,pool 1
http://residential.bankunited.com/BBurlone/,pool 1
http://residential.bankunited.com/CAngel/,pool 1
http://residential.bankunited.com/DShekhter/,pool 1
http://residential.bankunited.com/DVitalone/,pool 1
http://residential.bankunited.com/GMir/,pool 1
http://residential.bankunited.com/GIbanez/,pool 1
http://residential.bankunited.com/GWhite/,pool 1
http://residential.bankunited.com/IMason/,pool 1
http://residential.bankunited.com/JVenney/,pool 1
http://residential.bankunited.com/JCornavaca/,pool 1
http://residential.bankunited.com/JMarsano/,pool 1
http://residential.bankunited.com/JCampos/,pool 1
http://residential.bankunited.com/KKnowlton/,pool 1
http://residential.bankunited.com/KHerschlein/,pool 1
http://residential.bankunited.com/LBaez/,pool 1
http://residential.bankunited.com/LHamway/,pool 1
http://residential.bankunited.com/LCantillo/,pool 1
http://residential.bankunited.com/MFriedman/,pool 1
http://residential.bankunited.com/MLanning/,pool 1
http://residential.bankunited.com/MCollie/,pool 1
http://residential.bankunited.com/MPerez/,pool 1
http://residential.bankunited.com/MPierce/,pool 1
http://residential.bankunited.com/OAndreu/,pool 1
http://residential.bankunited.com/PHutchison/,pool 1
http://residential.bankunited.com/RGarcia/,pool 1
http://residential.bankunited.com/ROdor/,pool 1
http://residential.bankunited.com/RAustin1/,pool 1
http://residential.bankunited.com/RSohan/,pool 1
http://residential.bankunited.com/RWikel/,pool 1
http://residential.bankunited.com/SGutierrez/,pool 1
http://residential.bankunited.com/TBerry/,pool 1
http://residential.bankunited.com/TSiebald/,pool 1
http://www.blumortgage.com/Hilary/,pool 1
http://www.blumortgage.com/Jon/,pool 1
http://www.blumortgage.com/Lindsay/,pool 1
http://www.blumortgage.com/Luis/,pool 1
http://www.blumortgage.com/Mark/,pool 1
http://www.capmarkllc.com/DavidLongoria/,pool 1
http://www.capmarkllc.com/DennisAnninos/,pool 1
http://www.capmarkllc.com/JustinRay/,pool 1
http://www.cardinalconnect.com/BrianJosephGardner/,pool 1
http://www.cardinalconnect.com/EdwinAponte/,pool 1
http://www.cardinalconnect.com/KathrynClancy/,pool 1
http://www.cardinalconnect.com/LaurenceJamesHope/,pool 1
http://www.cardinalconnect.com/MariaFahner/,pool 1
http://www.cardinalconnect.com/NoelMcGovern/,pool 1
http://www.cardinalconnect.com/ShawnConley/,pool 1
http://www.cardinalconnect.com/VincentVicchio/,pool 1
http://www.cardinalconnect.com/StephenKaplan/,pool 1
http://www.emmwholesale.com/east/,pool 1
http://www.emmwholesale.com/neptune/,pool 1
http://www.coloradoboe.com/JasonRenatti/,pool 1
http://www.coloradoboe.com/LeonardMorovitz/,pool 1
http://www.coloradoboe.com/DanFilipi/,pool 1
http://www.coloradoboe.com/DannyRozenblum/,pool 1
http://www.coloradoboe.com/ArthurSchmidt/,pool 1
http://www.coloradoboe.com/BrentSoukop/,pool 1
http://www.coloradoboe.com/DavidRicketts/,pool 1
http://www.coloradoboe.com/SethAngell/,pool 1
http://www.coloradoboe.com/DavidPeck/,pool 1
http://www.coloradoboe.com/PatrickLanghans/,pool 1
http://www.fortren.com/AnthonyManzo/,pool 1
http://www.fortren.com/BrettShapiro/,pool 1
http://www.fortren.com/careers/,pool 1
http://www.fortren.com/CaseyMerritt/,pool 1
http://www.fortren.com/ChrisBacon/,pool 1
http://www.fortren.com/DavidTrisler/,pool 1
http://www.fortren.com/DinaMoussa/,pool 1
http://www.fortren.com/JamesCapra/,pool 1
http://www.fortren.com/JohnBolcar/,pool 1
http://www.fortren.com/KimberlyEdone/,pool 1
http://www.fortren.com/LaurenJanusee/,pool 1
http://www.fortren.com/MalakMatar/,pool 1
http://www.fortren.com/MarcTerantino/,pool 1
http://www.fortren.com/MarkGordon/,pool 1
http://www.fortren.com/NicoleGordon/,pool 1
http://www.fortren.com/RyanPavlosky/,pool 1
http://www.fortren.com/SamanthaCohn/,pool 1
http://www.fortren.com/SerenaRobles/,pool 1
http://www.fortren.com/SteveRozgonyi/,pool 1
http://www.fortren.com/ThomasSwensen/,pool 1
http://www.hf-corp.com/AK/,pool 1
http://www.hf-corp.com/CraigT/,pool 1
http://www.hf-corp.com/DaveVance/,pool 1
http://www.hf-corp.com/EFregoso/,pool 1
http://www.hf-corp.com/EugeneGoring/,pool 1
http://www.hf-corp.com/JackieRoeder/,pool 1
http://www.hf-corp.com/JDO/,pool 1
http://www.hf-corp.com/JoseDuarte/,pool 1
http://www.hf-corp.com/MaryCBurton/,pool 1
http://www.hf-corp.com/MehranShafai/,pool 1
http://www.hf-corp.com/OfeliaMaria/,pool 1
http://www.hf-corp.com/OfeliaPrietoMariaPaez/,pool 1
http://www.hf-corp.com/phaseoneteam/,pool 1
http://www.hf-corp.com/QuinnBrown/,pool 1
http://www.hf-corp.com/RubenMoreno/,pool 1
http://www.hf-corp.com/RudyK/,pool 1
http://www.hf-corp.com/SergioAgudelo/,pool 1
http://www.hf-corp.com/TishaShaw/,pool 1
http://www.hf-corp.com/LJones/,pool 1
http://www.hf-corp.com/rami/,pool 1
http://www.hf-corp.com/RonVanElsis/,pool 1
http://www.hf-corp.com/HildaCastillo/,pool 1
http://www.hf-corp.com/KTMoore/,pool 1
http://www.hf-corp.com/OfeliaPrieto/,pool 1
http://www.hf-corp.com/GeorgeGianos/,pool 1
http://www.hf-corp.com/JimClarke/,pool 1
http://www.hf-corp.com/TheresaGonzales/,pool 1
http://www.hf-corp.com/SantosGarza/,pool 1
http://www.hf-corp.com/SteveN/,pool 1
http://www.hf-corp.com/Brian/,pool 1
http://www.hf-corp.com/RudyKranwinkel/,pool 1
http://www.hf-corp.com/BarryHill/,pool 1
http://www.hf-corp.com/JohnS/,pool 1
http://www.hf-corp.com/PAbrams/,pool 1
http://www.hf-corp.com/Hilda/,pool 1
http://www.hf-corp.com/Martin/,pool 1
http://www.hf-corp.com/MartinLomen/,pool 1
http://www.hf-corp.com/MariyaSharygina/,pool 1
http://www.hf-corp.com/KevinLaBar/,pool 1
http://www.ivyfirst.com/BrianEgan/,pool 1
http://www.ivyfirst.com/CelineHadley/,pool 1
http://www.ivyfirst.com/ChuckMeachon/,pool 1
http://www.ivyfirst.com/JudiSchaeffer/,pool 1
http://www.ivyfirst.com/JustoMontiel/,pool 1
http://www.ivyfirst.com/ScottMcNamee/,pool 1
http://www.ivyfirst.com/KSerrano/,pool 1
http://www.Jointhelendingcompany.com/DaveDonsing/,pool 1
http://www.Jointhelendingcompany.com/JohnPerez/,pool 1
http://www.Jointhelendingcompany.com/JoshGolden/,pool 1
http://www.Jointhelendingcompany.com/MichaelKrystek/,pool 1
http://www.Jointhelendingcompany.com/MikeOConnor/,pool 1
http://www.Jointhelendingcompany.com/RichBonora/,pool 1
http://www.bayeq.com/AlGruzdis/,pool 2
http://www.bayeq.com/AprilTrias/,pool 2
http://www.bayeq.com/brokers/,pool 2
http://www.bayeq.com/ChrisBirkett/,pool 2
http://www.bayeq.com/ChristinaMachado/,pool 2
http://www.bayeq.com/ColinSullivan/,pool 2
http://www.bayeq.com/DebbieMoore/,pool 2
http://www.bayeq.com/DeborahCyrus/,pool 2
http://www.bayeq.com/DennisIrvin/,pool 2
http://www.bayeq.com/EvaSharma/,pool 2
http://www.bayeq.com/GregoryArritt/,pool 2
http://www.bayeq.com/JohnCurtin/,pool 2
http://www.bayeq.com/LauraSmith/,pool 2
http://www.bayeq.com/LoreleyWolters/,pool 2
http://www.bayeq.com/LuisMarquez/,pool 2
http://www.bayeq.com/MelFe/,pool 2
http://www.bayeq.com/MichaelSolis/,pool 2
http://www.bayeq.com/PeterChigos/,pool 2
http://www.bayeq.com/RaulEspinoza/,pool 2
http://www.bayeq.com/RobertCortez/,pool 2
http://www.bayeq.com/RobPhillips/,pool 2
http://www.bayeq.com/SpencerRichardson/,pool 2
http://www.bayeq.com/VeeElmazaj/,pool 2
http://www.bayeqloans.com/AaronHardin/,pool 2
http://www.bayeqloans.com/AdamBoles/,pool 2
http://www.bayeqloans.com/AdamStein/,pool 2
http://www.bayeqloans.com/AdrielleEdwards/,pool 2
http://www.bayeqloans.com/AlmaAgtane/,pool 2
http://www.bayeqloans.com/AndraBrooks/,pool 2
http://www.bayeqloans.com/AngelaGibbs/,pool 2
http://www.bayeqloans.com/ARGTeam/,pool 2
http://www.bayeqloans.com/ArmikArzoumanian/,pool 2
http://www.bayeqloans.com/ArtonChau/,pool 2
http://www.bayeqloans.com/AshleyHarris/,pool 2
http://www.bayeqloans.com/AutumnVanRooy/,pool 2
http://www.bayeqloans.com/BabakGhaziani/,pool 2
http://www.bayeqloans.com/BankersPreferred/,pool 2
http://www.bayeqloans.com/BarbaraPerret-Brusco/,pool 2
http://www.bayeqloans.com/BeckyRhodes/,pool 2
http://www.bayeqloans.com/BellevueDavis/,pool 2
http://www.bayeqloans.com/Bend/,pool 2
http://www.bayeqloans.com/BenVaughn/,pool 2
http://www.bayeqloans.com/BeverlyDavis/,pool 2
http://www.bayeqloans.com/BillAbowd/,pool 2
http://www.bayeqloans.com/BlayneBucy/,pool 2
http://www.bayeqloans.com/BobbyAfrasiabi/,pool 2
http://www.bayeqloans.com/bothell/,pool 2
http://www.bayeqloans.com/BradleyWood/,pool 2
http://www.bayeqloans.com/BradRake/,pool 2
http://www.bayeqloans.com/brockway/,pool 2
http://www.bayeqloans.com/BruceKussman/,pool 2
http://www.bayeqloans.com/BuckGieseke/,pool 2
http://www.bayeqloans.com/CaliforniaMortgageDirect/,pool 2
http://www.bayeqloans.com/CameronLillibridge/,pool 2
http://www.bayeqloans.com/CarmelaTerrazzino/,pool 2
http://www.bayeqloans.com/CarolynIvancovich/,pool 2
http://www.bayeqloans.com/CharlesMiska/,pool 2
http://www.bayeqloans.com/ChrisCrome/,pool 2
http://www.bayeqloans.com/ChristianChamberlin/,pool 2
http://www.bayeqloans.com/ChristopherDavis/,pool 2
http://www.bayeqloans.com/ChulaVista/,pool 2
http://www.bayeqloans.com/CindyMacDonell/,pool 2
http://www.bayeqloans.com/CleElum/,pool 2
http://www.bayeqloans.com/CoreyGile/,pool 2
http://www.bayeqloans.com/Corona/,pool 2
http://www.bayeqloans.com/CostaMesa/,pool 2
http://www.bayeqloans.com/CovenantMortgage/,pool 2
http://www.bayeqloans.com/CraigBrewer/,pool 2
http://www.bayeqloans.com/CraigGoebbel/,pool 2
http://www.bayeqloans.com/Crome/,pool 2
http://www.bayeqloans.com/CurtisGruber/,pool 2
http://www.bayeqloans.com/CurtisWhitaker/,pool 2
http://www.bayeqloans.com/CurtLillibridge/,pool 2
http://www.bayeqloans.com/CynthiaStClair/,pool 2
http://www.bayeqloans.com/danielbrinkman/,pool 2
http://www.bayeqloans.com/DanielKing/,pool 2
http://www.bayeqloans.com/danielkrueger/,pool 2
http://www.bayeqloans.com/DanielMarkMeckel/,pool 2
http://www.bayeqloans.com/DavidBertschi/,pool 2
http://www.bayeqloans.com/DavidBonnell/,pool 2
http://www.bayeqloans.com/DavidCampellone/,pool 2
http://www.bayeqloans.com/DavidDanz/,pool 2
http://www.bayeqloans.com/DavidHorton/,pool 2
http://www.bayeqloans.com/DavidJensen/,pool 2
http://www.bayeqloans.com/DavidSambell/,pool 2
http://www.bayeqloans.com/DeanHayes/,pool 2
http://www.bayeqloans.com/DeannaAvakian/,pool 2
http://www.bayeqloans.com/DeloresTuson/,pool 2
http://www.bayeqloans.com/DennisKonczal/,pool 2
http://www.bayeqloans.com/DerrickCarneal/,pool 2
http://www.bayeqloans.com/DJCaple/,pool 2
http://www.bayeqloans.com/DJMartin/,pool 2
http://www.bayeqloans.com/DoloresTucson/,pool 2
http://www.bayeqloans.com/DonMacKenzie/,pool 2
http://www.bayeqloans.com/DougSchreifels/,pool 2
http://www.bayeqloans.com/DustinBoyd/,pool 2
http://www.bayeqloans.com/ElfaKagan/,pool 2
http://www.bayeqloans.com/EliPavoni/,pool 2
http://www.bayeqloans.com/EMACSealBeach/,pool 2
http://www.bayeqloans.com/Entela/,pool 2
http://www.bayeqloans.com/ESharma/,pool 2
http://www.bayeqloans.com/EvaSharma/,pool 2
http://www.bayeqloans.com/Everett/,pool 2
http://www.bayeqloans.com/FrancescaWander/,pool 2
http://www.bayeqloans.com/FrankBillante/,pool 2
http://www.bayeqloans.com/GaryBlacken/,pool 2
http://www.bayeqloans.com/GeneAvakian/,pool 2
http://www.bayeqloans.com/GeorgeAdairII/,pool 2
http://www.bayeqloans.com/GeorgeCharles/,pool 2
http://www.bayeqloans.com/GeraldMoore/,pool 2
http://www.bayeqloans.com/Gilbert/,pool 2
http://www.bayeqloans.com/GilLazcano/,pool 2
http://www.bayeqloans.com/GingerPaterno/,pool 2
http://www.bayeqloans.com/GraysonBourland/,pool 2
http://www.bayeqloans.com/GregWaldie/,pool 2
http://www.bayeqloans.com/HannahBoles/,pool 2
http://www.bayeqloans.com/hayes/,pool 2
http://www.bayeqloans.com/HectorYango/,pool 2
http://www.bayeqloans.com/Henderson/,pool 2
http://www.bayeqloans.com/HometownLendingHarris/,pool 2
http://www.bayeqloans.com/Irvine/,pool 2
http://www.bayeqloans.com/JackSanteford/,pool 2
http://www.bayeqloans.com/JasminMoralesDeLeal/,pool 2
http://www.bayeqloans.com/JasonAsher/,pool 2
http://www.bayeqloans.com/JasonHarris/,pool 2
http://www.bayeqloans.com/JayJaffee/,pool 2
http://www.bayeqloans.com/JedThibodeau/,pool 2
http://www.bayeqloans.com/JeffHarris/,pool 2
http://www.bayeqloans.com/JeffJourney/,pool 2
http://www.bayeqloans.com/JeffNicola/,pool 2
http://www.bayeqloans.com/JimMassey/,pool 2
http://www.bayeqloans.com/JoeFazio/,pool 2
http://www.bayeqloans.com/JoeJuliani/,pool 2
http://www.bayeqloans.com/JohnCady/,pool 2
http://www.bayeqloans.com/JohnFletcher/,pool 2
http://www.bayeqloans.com/JohnHensley/,pool 2
http://www.bayeqloans.com/JohnHunter/,pool 2
http://www.bayeqloans.com/JohnMarler/,pool 2
http://www.bayeqloans.com/JohnMurphy/,pool 2
http://www.bayeqloans.com/JohnVerstegen/,pool 2
http://www.bayeqloans.com/JonathanHallstead/,pool 2
http://www.bayeqloans.com/JonathanMatich/,pool 2
http://www.bayeqloans.com/JonBaughman/,pool 2
http://www.bayeqloans.com/JoseLlerandi/,pool 2
http://www.bayeqloans.com/JosephRestivo/,pool 2
http://www.bayeqloans.com/JSolati/,pool 2
http://www.bayeqloans.com/JuanKong/,pool 2
http://www.bayeqloans.com/JudyChen/,pool 2
http://www.bayeqloans.com/JustinGlass/,pool 2
http://www.bayeqloans.com/KellyTrueb/,pool 2
http://www.bayeqloans.com/KenWynne/,pool 2
http://www.bayeqloans.com/KevinBagley/,pool 2
http://www.bayeqloans.com/KevinKilleen/,pool 2
http://www.bayeqloans.com/KevinLaursen/,pool 2
http://www.bayeqloans.com/KevinPhillips/,pool 2
http://www.bayeqloans.com/KhashBehnam/,pool 2
http://www.bayeqloans.com/KielLillibridge/,pool 2
http://www.bayeqloans.com/KimberlyLouis/,pool 2
http://www.bayeqloans.com/KittyLee/,pool 2
http://www.bayeqloans.com/KristineEstill/,pool 2
http://www.bayeqloans.com/kussman/,pool 2
http://www.bayeqloans.com/LakeForest/,pool 2
http://www.bayeqloans.com/LakeOswego/,pool 2
http://www.bayeqloans.com/lakestevens/,pool 2
http://www.bayeqloans.com/Larkspur/,pool 2
http://www.bayeqloans.com/LarryMcDowell/,pool 2
http://www.bayeqloans.com/LeviGarrett/,pool 2
http://www.bayeqloans.com/LilyetteUriarte/,pool 2
http://www.bayeqloans.com/LindaAnnCox/,pool 2
http://www.bayeqloans.com/LoanCentral/,pool 2
http://www.bayeqloans.com/LoretteMurphree/,pool 2
http://www.bayeqloans.com/LouMarino/,pool 2
http://www.bayeqloans.com/LucasFilinski/,pool 2
http://www.bayeqloans.com/LuisaRosas-Ferguson/,pool 2
http://www.bayeqloans.com/LuisaRosasFerguson/,pool 2
http://www.bayeqloans.com/LuisAWong/,pool 2
http://www.bayeqloans.com/LuisMarquez/,pool 2
http://www.bayeqloans.com/LyndaLima/,pool 2
http://www.bayeqloans.com/MagaliCarrillo/,pool 2
http://www.bayeqloans.com/MarciaMurphy/,pool 2
http://www.bayeqloans.com/MarjorieBearman/,pool 2
http://www.bayeqloans.com/MarkKnodel/,pool 2
http://www.bayeqloans.com/MarkMalmberg/,pool 2
http://www.bayeqloans.com/markobrien/,pool 2
http://www.bayeqloans.com/MarkSorensen/,pool 2
http://www.bayeqloans.com/martinlough/,pool 2
http://www.bayeqloans.com/matich/,pool 2
http://www.bayeqloans.com/MattDill/,pool 2
http://www.bayeqloans.com/MatthewCarey/,pool 2
http://www.bayeqloans.com/MelanieMcCullough/,pool 2
http://www.bayeqloans.com/MelissaEvans/,pool 2
http://www.bayeqloans.com/MelodyRose/,pool 2
http://www.bayeqloans.com/Mesa/,pool 2
http://www.bayeqloans.com/MichaelErtem/,pool 2
http://www.bayeqloans.com/MichaelHale/,pool 2
http://www.bayeqloans.com/MichaelKotcharian/,pool 2
http://www.bayeqloans.com/MichaelTang/,pool 2
http://www.bayeqloans.com/MichelleKramer/,pool 2
http://www.bayeqloans.com/MitchellSchultz/,pool 2
http://www.bayeqloans.com/MitchFalkenstein/,pool 2
http://www.bayeqloans.com/Modesto/,pool 2
http://www.bayeqloans.com/NancyOsco/,pool 2
http://www.bayeqloans.com/NewportBeach/,pool 2
http://www.bayeqloans.com/nicola/,pool 2
http://www.bayeqloans.com/NooshiNaderi/,pool 2
http://www.bayeqloans.com/PacificBay/,pool 2
http://www.bayeqloans.com/PacificOneMortgage/,pool 2
http://www.bayeqloans.com/PacificOneMortgageHawaii/,pool 2
http://www.bayeqloans.com/PatriciaBoudreau/,pool 2
http://www.bayeqloans.com/PatriciaMaestas/,pool 2
http://www.bayeqloans.com/PaulaKrost/,pool 2
http://www.bayeqloans.com/PaulDuPriest/,pool 2
http://www.bayeqloans.com/paulmoffitt/,pool 2
http://www.bayeqloans.com/paulstella/,pool 2
http://www.bayeqloans.com/PaulStMarie/,pool 2
http://www.bayeqloans.com/PaulTrinkwon/,pool 2
http://www.bayeqloans.com/PeterSemon/,pool 2
http://www.bayeqloans.com/PortlandSchabow/,pool 2
http://www.bayeqloans.com/rachelmcvay/,pool 2
http://www.bayeqloans.com/RandyBrockway/,pool 2
http://www.bayeqloans.com/RayFerguson/,pool 2
http://www.bayeqloans.com/ReneDelosSantos/,pool 2
http://www.bayeqloans.com/ReubenBerlin/,pool 2
http://www.bayeqloans.com/RichardSanguinetti/,pool 2
http://www.bayeqloans.com/RileyLillibridge/,pool 2
http://www.bayeqloans.com/RindaNorris/,pool 2
http://www.bayeqloans.com/RobbGordon/,pool 2
http://www.bayeqloans.com/RobertFritscher/,pool 2
http://www.bayeqloans.com/RobertScott/,pool 2
http://www.bayeqloans.com/RodneyJong/,pool 2
http://www.bayeqloans.com/RogerFarah/,pool 2
http://www.bayeqloans.com/RonaldPerkins/,pool 2
http://www.bayeqloans.com/RonaldSchmidtke/,pool 2
http://www.bayeqloans.com/RonMohney/,pool 2
http://www.bayeqloans.com/RonRoss/,pool 2
http://www.bayeqloans.com/RorieLujan/,pool 2
http://www.bayeqloans.com/RoryMiller/,pool 2
http://www.bayeqloans.com/RPhillips/,pool 2
http://www.bayeqloans.com/SabrinaLinman/,pool 2
http://www.bayeqloans.com/SallyYip/,pool 2
http://www.bayeqloans.com/SaltLakeCity/,pool 2
http://www.bayeqloans.com/SamBorthwick/,pool 2
http://www.bayeqloans.com/SanDiego/,pool 2
http://www.bayeqloans.com/SanFrancisco/,pool 2
http://www.bayeqloans.com/SanFrancisco2/,pool 2
http://www.bayeqloans.com/sanfrancisco3/,pool 2
http://www.bayeqloans.com/SanJose/,pool 2
http://www.bayeqloans.com/SanRamon/,pool 2
http://www.bayeqloans.com/SantaRosa/,pool 2
http://www.bayeqloans.com/SantaRosaSorensen/,pool 2
http://www.bayeqloans.com/ScottFletcher/,pool 2
http://www.bayeqloans.com/SelbyVoto-Bernales/,pool 2
http://www.bayeqloans.com/ShaneTorabi/,pool 2
http://www.bayeqloans.com/Spanaway/,pool 2
http://www.bayeqloans.com/StanStanek/,pool 2
http://www.bayeqloans.com/SteveMcNeal/,pool 2
http://www.bayeqloans.com/StevenCook/,pool 2
http://www.bayeqloans.com/StevenVella/,pool 2
http://www.bayeqloans.com/SteveSchabow/,pool 2
http://www.bayeqloans.com/Stockton/,pool 2
http://www.bayeqloans.com/SusanBrethauer/,pool 2
http://www.bayeqloans.com/SusanKing/,pool 2
http://www.bayeqloans.com/SuzanneMorris/,pool 2
http://www.bayeqloans.com/Tempe/,pool 2
http://www.bayeqloans.com/TheJensenMortgageGroup/,pool 2
http://www.bayeqloans.com/TheresaEasland/,pool 2
http://www.bayeqloans.com/ThomasBergquist/,pool 2
http://www.bayeqloans.com/ThomasMurray/,pool 2
http://www.bayeqloans.com/ThomasSebring/,pool 2
http://www.bayeqloans.com/TimCarroll/,pool 2
http://www.bayeqloans.com/TimothyStrange/,pool 2
http://www.bayeqloans.com/ToddArnold/,pool 2
http://www.bayeqloans.com/TomMcGovern/,pool 2
http://www.bayeqloans.com/torrance/,pool 2
http://www.bayeqloans.com/TracieMaganas/,pool 2
http://www.bayeqloans.com/Tustin/,pool 2
http://www.bayeqloans.com/TysonBeachwood/,pool 2
http://www.bayeqloans.com/Vancouver/,pool 2
http://www.bayeqloans.com/VanRooy/,pool 2
http://www.bayeqloans.com/VincentKing/,pool 2
http://www.bayeqloans.com/WalnutCreek/,pool 2
http://www.bayeqloans.com/Wenatchee/,pool 2
http://www.bayeqloans.com/ZacharyTodd/,pool 2
http://www.bayeqloans.com/ZachHardin/,pool 2
http://www.bayeqloans.com/AnthonyColagrossi/,pool 2
http://www.bayeqloans.com/JasonScott/,pool 2
http://www.bayeqloans.com/RobertJack/,pool 2
http://www.bayeqloans.com/ChrisKeadle/,pool 2
http://www.bayeqloans.com/DavidOziel/,pool 2
http://www.bayeqloans.com/MarcEilers/,pool 2
http://www.bayeqloans.com/ToddJohnson/,pool 2
http://www.bayeqloans.com/JustinVonWolffradt/,pool 2
http://www.bayeqloans.com/WenatcheeChamberlin/,pool 2
http://www.bayeqloans.com/Seattle/,pool 2
http://www.bayeqloans.com/TarayaCaple/,pool 2
http://www.bayeqloans.com/BennyHowes/,pool 2
http://www.bayeqloans.com/PortAngeles/,pool 2
http://www.bayeqloans.com/Auburn/,pool 2
http://www.bayeqloans.com/CoronaKing/,pool 2
http://www.bayeqloans.com/DanaBarbero/,pool 2
http://www.bayeqloans.com/JimBarbero/,pool 2
http://www.bayeqloans.com/KathleenLaibinis/,pool 2
http://www.bayeqloans.com/StevenHolmes/,pool 2
http://www.bayeqloans.com/Cheney/,pool 2
http://www.bayeqloans.com/MollySeefried/,pool 2
http://www.bayeqloans.com/DarrenKochansky/,pool 2
http://www.bayeqloans.com/ErikOlson/,pool 2
http://www.bayeqloans.com/MichaelColagrossi/,pool 2
http://www.bayeqloans.com/FrankHelmand/,pool 2
http://www.bayeqloans.com/SiliconValley/,pool 2
http://www.bayeqloans.com/BryanBrush/,pool 2
http://www.bayeqloans.com/ShaneHale/,pool 2
http://www.bayeqloans.com/BuddyGreene/,pool 2
http://www.bayeqloans.com/TouchstoneGroup/,pool 2
http://www.bayeqloans.com/Sedona/,pool 2
http://www.bayeqloans.com/KirkMcdougall/,pool 2
http://www.bayeqloans.com/BrianIverson/,pool 2
http://www.bayeqloans.com/JamieHughes/,pool 2
http://www.bayeqloans.com/Plano/,pool 2
http://www.bayeqloans.com/Chandler/,pool 2
http://www.bayeqloans.com/JayErickson/,pool 2
http://www.bayeqloans.com/ClintWhitney/,pool 2
http://www.bayeqloans.com/JerryFish/,pool 2
http://www.bayeqloans.com/BrianThaut/,pool 2
http://www.bayeqloans.com/WendyCharles/,pool 2
http://www.bayeqloans.com/TonyLong/,pool 2
http://www.bayeqloans.com/ClayChadima/,pool 2
http://www.bayeqloans.com/SuhaGibson/,pool 2
http://www.bayeqloans.com/BrianBillups/,pool 2
http://www.bayeqloans.com/RickJones/,pool 2
http://www.bayeqloans.com/noemilightle/,pool 2
http://www.bayeqloans.com/dominicgonzalez/,pool 2
http://www.bayeqloans.com/christophercatania/,pool 2
http://www.bayeqloans.com/CraigBramlett/,pool 2
http://www.bayeqloans.com/CalPacific/,pool 2
http://www.bayeqloans.com/bakersfield/,pool 2
http://www.bayeqloans.com/BobEnnis/,pool 2
http://www.bayeqloans.com/scottfisher/,pool 2
http://www.bayeqloans.com/RandyGelhaus/,pool 2
http://www.bayeqloans.com/Puyallup/,pool 2
http://www.bayeqloans.com/EncinitasRafii/,pool 2
http://www.bayeqloans.com/PeterHomer/,pool 2
http://www.bayeqloans.com/FrankMandujano/,pool 2
http://www.bayeqloans.com/FederalWay/,pool 2
http://www.bayeqloans.com/BlakeAndrews/,pool 2
http://www.bayeqloans.com/ScottDemich/,pool 2
http://www.bayeqloans.com/JeffCreveling/,pool 2
http://www.bayeqloans.com/MelodySill/,pool 2
http://www.bayeqloans.com/MarkLoftus/,pool 2
http://homes.maverickfunding.com/AngelinaPurvis/,pool 4
http://homes.maverickfunding.com/AnthonyCiullo/,pool 4
http://homes.maverickfunding.com/ArronGlasburg/,pool 4
http://homes.maverickfunding.com/bankrate/,pool 4
http://homes.maverickfunding.com/BillRichardson/,pool 4
http://homes.maverickfunding.com/ChelseaRousseau/,pool 4
http://homes.maverickfunding.com/CherylVickers/,pool 4
http://homes.maverickfunding.com/ChrisMarcketta/,pool 4
http://homes.maverickfunding.com/ChristinaFuscaldo/,pool 4
http://homes.maverickfunding.com/ChristopherDold/,pool 4
http://homes.maverickfunding.com/DaleGallant/,pool 4
http://homes.maverickfunding.com/DamarnCarroll/,pool 4
http://homes.maverickfunding.com/DaveLoring/,pool 4
http://homes.maverickfunding.com/DavidFernandes/,pool 4
http://homes.maverickfunding.com/DavidHarris/,pool 4
http://homes.maverickfunding.com/DominicMacera/,pool 4
http://homes.maverickfunding.com/DuaneMurphy/,pool 4
http://homes.maverickfunding.com/EddieZolkos/,pool 4
http://homes.maverickfunding.com/EdwinArocho/,pool 4
http://homes.maverickfunding.com/ElishaHarris/,pool 4
http://homes.maverickfunding.com/experience-real-estate/,pool 4
http://homes.maverickfunding.com/FelixBrito/,pool 4
http://homes.maverickfunding.com/FernandoSaenz/,pool 4
http://homes.maverickfunding.com/GaryPickering/,pool 4
http://homes.maverickfunding.com/GregorySouran/,pool 4
http://homes.maverickfunding.com/help-your-friends-and-family-reach-financial-peace/,pool 4
http://homes.maverickfunding.com/HoneyManderville/,pool 4
http://homes.maverickfunding.com/JackAlbanese/,pool 4
http://homes.maverickfunding.com/JamesFiorendino/,pool 4
http://homes.maverickfunding.com/JasonFitzgerald/,pool 4
http://homes.maverickfunding.com/jcolombrita/,pool 4
http://homes.maverickfunding.com/JeffPennington/,pool 4
http://homes.maverickfunding.com/JeffreyKrasner/,pool 4
http://homes.maverickfunding.com/JerryAuclair/,pool 4
http://homes.maverickfunding.com/JoanneSebeck/,pool 4
http://homes.maverickfunding.com/JoeCiullo/,pool 4
http://homes.maverickfunding.com/JohnDiGiacomo/,pool 4
http://homes.maverickfunding.com/JohnSebeck/,pool 4
http://homes.maverickfunding.com/josephmorreale/,pool 4
http://homes.maverickfunding.com/JosephSheridan/,pool 4
http://homes.maverickfunding.com/JoshuaShein/,pool 4
http://homes.maverickfunding.com/KarenCabral/,pool 4
http://homes.maverickfunding.com/KevinEddens/,pool 4
http://homes.maverickfunding.com/KevinFloersch/,pool 4
http://homes.maverickfunding.com/KimberlyAngelillo/,pool 4
http://homes.maverickfunding.com/KristieGriffoul/,pool 4
http://homes.maverickfunding.com/LisaChildress/,pool 4
http://homes.maverickfunding.com/low-mortgage-rates-yp-new-jersey/,pool 4
http://homes.maverickfunding.com/low-mortgage-rates-yp-rhode-island/,pool 4
http://homes.maverickfunding.com/LuisNieto/,pool 4
http://homes.maverickfunding.com/MacyJKorolnek/,pool 4
http://homes.maverickfunding.com/MariaTarro/,pool 4
http://homes.maverickfunding.com/MarkRamos/,pool 4
http://homes.maverickfunding.com/MaryAnn/,pool 4
http://homes.maverickfunding.com/MaryFoster/,pool 4
http://homes.maverickfunding.com/MatthewKing/,pool 4
http://homes.maverickfunding.com/MatthewMathias/,pool 4
http://homes.maverickfunding.com/MatthewWallace/,pool 4
http://homes.maverickfunding.com/MattResnick/,pool 4
http://homes.maverickfunding.com/MattRicci/,pool 4
http://homes.maverickfunding.com/MauricioRojas/,pool 4
http://homes.maverickfunding.com/MelissaCarreiro/,pool 4
http://homes.maverickfunding.com/MelissaTessmer/,pool 4
http://homes.maverickfunding.com/MichaelCandia/,pool 4
http://homes.maverickfunding.com/MichaelGregorian/,pool 4
http://homes.maverickfunding.com/MichaelPetruccelli/,pool 4
http://homes.maverickfunding.com/michaelreis/,pool 4
http://homes.maverickfunding.com/MikeArdis/,pool 4
http://homes.maverickfunding.com/MikeFontane/,pool 4
http://homes.maverickfunding.com/MikeHealey/,pool 4
http://homes.maverickfunding.com/MikeQuin/,pool 4
http://homes.maverickfunding.com/MikeRomano/,pool 4
http://homes.maverickfunding.com/MilissaFuscaldo/,pool 4
http://homes.maverickfunding.com/NealFerestien/,pool 4
http://homes.maverickfunding.com/NeilRusso/,pool 4
http://homes.maverickfunding.com/NiahBononno/,pool 4
http://homes.maverickfunding.com/NickIzzi/,pool 4
http://homes.maverickfunding.com/NormZolkos/,pool 4
http://homes.maverickfunding.com/omarsmith/,pool 4
http://homes.maverickfunding.com/optout/,pool 4
http://homes.maverickfunding.com/PatSarro/,pool 4
http://homes.maverickfunding.com/PaulYoung/,pool 4
http://homes.maverickfunding.com/ppn/,pool 4
http://homes.maverickfunding.com/ppn/,pool 4
http://homes.maverickfunding.com/purchase-rhode-island/,pool 4
http://homes.maverickfunding.com/QR/,pool 4
http://homes.maverickfunding.com/RachaelFleury/,pool 4
http://homes.maverickfunding.com/RachaelMcMahon/,pool 4
http://homes.maverickfunding.com/RachelFleury/,pool 4
http://homes.maverickfunding.com/RalphVitiello/,pool 4
http://homes.maverickfunding.com/ReneeDiorio/,pool 4
http://homes.maverickfunding.com/RobertLivorsi/,pool 4
http://homes.maverickfunding.com/RobertTravis/,pool 4
http://homes.maverickfunding.com/RobSpear/,pool 4
http://homes.maverickfunding.com/RonSebeckJr/,pool 4
http://homes.maverickfunding.com/RonSebeckSr/,pool 4
http://homes.maverickfunding.com/RoseannePietrunti/,pool 4
http://homes.maverickfunding.com/SamanthaSchlim/,pool 4
http://homes.maverickfunding.com/SamMillman/,pool 4
http://homes.maverickfunding.com/SheilaRobinson/,pool 4
http://homes.maverickfunding.com/StephenTomasetti/,pool 4
http://homes.maverickfunding.com/SteveScarfo/,pool 4
http://homes.maverickfunding.com/steveziemba/,pool 4
http://homes.maverickfunding.com/TerrenceReilly/,pool 4
http://homes.maverickfunding.com/TessAubourg/,pool 4
http://homes.maverickfunding.com/ThomasOHearn/,pool 4
http://homes.maverickfunding.com/TimHensel/,pool 4
http://homes.maverickfunding.com/ValerieJohnson/,pool 4
http://homes.maverickfunding.com/wpro-referral/,pool 4
http://homes.maverickfunding.com/ZacharyLevesque/,pool 4
http://homes.maverickfunding.com/ZackLevesque/,pool 4
http://homes.maverickfunding.com/AndrewMesale/,pool 4
http://homes.maverickfunding.com/RichardKuntz/,pool 4
http://homes.maverickfunding.com/TiffaniRodgers/,pool 4
http://homes.maverickfunding.com/BrianLewis/,pool 4
http://homes.maverickfunding.com/BarryBranker/,pool 4
http://homes.maverickfunding.com/josephcora/,pool 4
http://homes.maverickfunding.com/AnthonyMartini/,pool 4
http://homes.maverickfunding.com/AlfredVelasco/,pool 4
http://homes.maverickfunding.com/christinemarcketta/,pool 4
http://homes.maverickfunding.com/iansandler/,pool 4
http://homes.maverickfunding.com/JessicaHanson/,pool 4
http://homes.maverickfunding.com/JosephColombrita/,pool 4
http://homes.maverickfunding.com/JustinFreedman/,pool 4
http://homes.maverickfunding.com/LindaReimer/,pool 4
http://homes.maverickfunding.com/RaquelCasalinho/,pool 4
http://homes.maverickfunding.com/FrancisMaselli/,pool 4
http://homes.maverickfunding.com/MarioRoberts/,pool 4
http://homes.maverickfunding.com/MichaelOlatoye/,pool 4
http://homes.maverickfunding.com/Jefferydray/,pool 4
http://homes.maverickfunding.com/richardtaylor/,pool 4
http://homes.maverickfunding.com/TimMorrow/,pool 4
http://homes.maverickfunding.com/MargaretPapresta/,pool 4
http://homes.maverickfunding.com/stephenziemba/,pool 4
http://homes.maverickfunding.com/BrianKrasner/,pool 4
http://homes.maverickfunding.com/SandraWaters/,pool 4
http://homes.maverickfunding.com/AliJavahery/,pool 4
http://homes.maverickfunding.com/BabetteStrom/,pool 4
http://homes.maverickfunding.com/BobDellaPorta/,pool 4
http://homes.maverickfunding.com/BobKetler/,pool 4
http://homes.maverickfunding.com/CiroDiPalma/,pool 4
http://homes.maverickfunding.com/CraigHall/,pool 4
http://homes.maverickfunding.com/EricTillman/,pool 4
http://homes.maverickfunding.com/GordonWilliamAlderman/,pool 4
http://homes.maverickfunding.com/GrantWoolwine/,pool 4
http://homes.maverickfunding.com/JayneConnell/,pool 4
http://homes.maverickfunding.com/JoeBoiano/,pool 4
http://homes.maverickfunding.com/JohnBolton/,pool 4
http://homes.maverickfunding.com/KenTo/,pool 4
http://homes.maverickfunding.com/LisaDellaPorta/,pool 4
http://homes.maverickfunding.com/MichaelSamuelson/,pool 4
http://homes.maverickfunding.com/NealBostian/,pool 4
http://homes.maverickfunding.com/PatrickStewart/,pool 4
http://homes.maverickfunding.com/RachelTo/,pool 4
http://homes.maverickfunding.com/ShannonReedy/,pool 4
http://homes.maverickfunding.com/ShantelRamirez/,pool 4
http://homes.maverickfunding.com/VickiLynnRaus/,pool 4
http://homes.maverickfunding.com/WillAdams/,pool 4
http://www.reversemortgagenetwork.org/AmyUnglaub/,pool 4
http://www.reversemortgagenetwork.org/BobGlezen/,pool 4
http://www.reversemortgagenetwork.org/BrianGerri/,pool 4
http://www.reversemortgagenetwork.org/BrienBrandenburg/,pool 4
http://www.reversemortgagenetwork.org/BruceWhitney/,pool 4
http://www.reversemortgagenetwork.org/DamarnCarroll/,pool 4
http://www.reversemortgagenetwork.org/DarrynMurdoch/,pool 4
http://www.reversemortgagenetwork.org/DebraSanteufemio/,pool 4
http://www.reversemortgagenetwork.org/DonnaRouse/,pool 4
http://www.reversemortgagenetwork.org/ericmcintyre/,pool 4
http://www.reversemortgagenetwork.org/EricWyszkowski/,pool 4
http://www.reversemortgagenetwork.org/FrederickArchable/,pool 4
http://www.reversemortgagenetwork.org/GailZambuto-Polhemus/,pool 4
http://www.reversemortgagenetwork.org/IanSandler/,pool 4
http://www.reversemortgagenetwork.org/JasonLambert/,pool 4
http://www.reversemortgagenetwork.org/JosephNittoli/,pool 4
http://www.reversemortgagenetwork.org/JoshShein/,pool 4
http://www.reversemortgagenetwork.org/LarryErnstoff/,pool 4
http://www.reversemortgagenetwork.org/LindaHochberg/,pool 4
http://www.reversemortgagenetwork.org/LisaChambers/,pool 4
http://www.reversemortgagenetwork.org/MaryScheeler/,pool 4
http://www.reversemortgagenetwork.org/OmarSmith/,pool 4
http://www.reversemortgagenetwork.org/RichPert/,pool 4
http://www.reversemortgagenetwork.org/RobertKopcha/,pool 4
http://www.reversemortgagenetwork.org/RosemaryWright/,pool 4
http://www.reversemortgagenetwork.org/SamMillman/,pool 4
http://www.reversemortgagenetwork.org/SheriSica/,pool 4
http://www.reversemortgagenetwork.org/StevenSless/,pool 4
http://www.reversemortgagenetwork.org/VickiGreen/,pool 4
http://www.reversemortgagenetwork.org/WendyFitzgerald/,pool 4
http://www.reversemortgagenetwork.org/JessicaHanson/,pool 4
http://www.reversemortgagenetwork.org/josephsusserman/,pool 4
http://www.reversemortgagenetwork.org/stevesless/,pool 4
http://www.mcfmortgage.com/AaronEisenberg/,pool 4
http://www.mcfmortgage.com/AmirGuerami/,pool 4
http://www.mcfmortgage.com/RayCruz/,pool 4
http://www.masonmcduffiemortgage.com/ScottBuie/,pool 4
http://www.masonmcduffiemortgage.com/ScottShort/,pool 4
http://www.masonmcduffiemortgage.com/ScottWard/,pool 4
http://www.masonmcduffiemortgage.com/SonyaStJacques/,pool 4
http://www.masonmcduffiemortgage.com/SteveWalden/,pool 4
http://www.masonmcduffiemortgage.com/TiffaniHom/,pool 4
http://www.masonmcduffiemortgage.com/TiffanyLe/,pool 4
http://www.masonmcduffiemortgage.com/TimothyHurlbut/,pool 4
http://www.masonmcduffiemortgage.com/TonyRodriguez/,pool 4
http://www.masonmcduffiemortgage.com/KathyMcAlpine/,pool 4
http://www.masonmcduffiemortgage.com/TomEngwer/,pool 4
http://www.masonmcduffiemortgage.com/SandyMarchman/,pool 4
http://www.masonmcduffiemortgage.com/SuzanneNunez/,pool 4
http://www.masonmcduffiemortgage.com/JulietteBrossard/,pool 4
http://www.masonmcduffiemortgage.com/LuzDePalm/,pool 4
http://www.masonmcduffiemortgage.com/VanKZannisIII/,pool 4
http://www.masonmcduffiemortgage.com/PatriciaVillalobos/,pool 4
http://www.masonmcduffiemortgage.com/SarbHundle/,pool 4
http://www.masonmcduffiemortgage.com/ConnieWilkinson/,pool 4
http://www.masonmcduffiemortgage.com/KevinConlon/,pool 4
http://www.masonmcduffiemortgage.com/JoeSprecher/,pool 4
http://www.masonmcduffiemortgage.com/KimBristow/,pool 4
http://www.masonmcduffiemortgage.com/RicciVineyard/,pool 4
http://www.masonmcduffiemortgage.com/SheilaPott/,pool 4
http://www.masonmcduffiemortgage.com/BlancaMejia/,pool 4
http://www.masonmcduffiemortgage.com/BillSimpson/,pool 4
http://www.masonmcduffiemortgage.com/CyndiFazzio/,pool 4
http://www.masonmcduffiemortgage.com/DiannePinheiro/,pool 4
http://www.masonmcduffiemortgage.com/GregSherman/,pool 4
http://www.masonmcduffiemortgage.com/LoriJustice/,pool 4
http://www.masonmcduffiemortgage.com/ZhabizSonee/,pool 4
http://www.masonmcduffiemortgage.com/BuffyPenttila/,pool 4
http://www.masonmcduffiemortgage.com/AnthonyLatos/,pool 4
http://www.masonmcduffiemortgage.com/AyataColbert/,pool 4
http://www.masonmcduffiemortgage.com/BrianLinchey/,pool 4
http://www.masonmcduffiemortgage.com/BrianMoggan/,pool 4
http://www.masonmcduffiemortgage.com/ChadFocht/,pool 4
http://www.masonmcduffiemortgage.com/CharlesEriman/,pool 4
http://www.masonmcduffiemortgage.com/ChrisOpfer/,pool 4
http://www.masonmcduffiemortgage.com/ChristieCraig/,pool 4
http://www.masonmcduffiemortgage.com/CynthiaKemp/,pool 4
http://www.masonmcduffiemortgage.com/DanDaniel/,pool 4
http://www.masonmcduffiemortgage.com/DaveOsorio/,pool 4
http://www.masonmcduffiemortgage.com/DebbieSundlie/,pool 4
http://www.masonmcduffiemortgage.com/DinaErickson/,pool 4
http://www.masonmcduffiemortgage.com/FeliciaBattaglia/,pool 4
http://www.masonmcduffiemortgage.com/GregHeffron/,pool 4
http://www.masonmcduffiemortgage.com/JamesHarrington/,pool 4
http://www.masonmcduffiemortgage.com/JenniferMizeClaunch/,pool 4
http://www.masonmcduffiemortgage.com/JesseRenteria/,pool 4
http://www.masonmcduffiemortgage.com/JonasChampion/,pool 4
http://www.masonmcduffiemortgage.com/JulieBell/,pool 4
http://www.masonmcduffiemortgage.com/KarenCreagmile/,pool 4
http://www.masonmcduffiemortgage.com/KarinMoscato/,pool 4
http://www.masonmcduffiemortgage.com/KarlaSussanaSerranoCastaneda/,pool 4
http://www.masonmcduffiemortgage.com/KavehSartipi/,pool 4
http://www.masonmcduffiemortgage.com/MargieCarino/,pool 4
http://www.masonmcduffiemortgage.com/MarjorieBirky/,pool 4
http://www.masonmcduffiemortgage.com/MitchMilinich/,pool 4
http://www.masonmcduffiemortgage.com/PamBranigan/,pool 4
http://www.masonmcduffiemortgage.com/PaulineShah/,pool 4
http://www.masonmcduffiemortgage.com/RafaelGarcia/,pool 4
http://www.masonmcduffiemortgage.com/RamonVerdin/,pool 4
http://www.masonmcduffiemortgage.com/RandyLynch/,pool 4
http://www.masonmcduffiemortgage.com/ReneeNunes/,pool 4
http://www.masonmcduffiemortgage.com/StephenWatts/,pool 4
http://www.masonmcduffiemortgage.com/StuartDavis/,pool 4
http://www.masonmcduffiemortgage.com/SuzyDukelow/,pool 4
http://www.masonmcduffiemortgage.com/TeriBanholzer/,pool 4
http://www.masonmcduffiemortgage.com/TomParke/,pool 4
http://www.masonmcduffiemortgage.com/VictorBurela/,pool 4
http://www.masonmcduffiemortgage.com/AlanGreen/,pool 4
http://www.masonmcduffiemortgage.com/AlanWataguchi/,pool 4
http://www.masonmcduffiemortgage.com/AndrewMahoney/,pool 4
http://www.masonmcduffiemortgage.com/AshleighSperos/,pool 4
http://www.masonmcduffiemortgage.com/BrandonMears/,pool 4
http://www.masonmcduffiemortgage.com/DanielShoda/,pool 4
http://www.masonmcduffiemortgage.com/DaveHeard/,pool 4
http://www.masonmcduffiemortgage.com/DaveWhiteside/,pool 4
http://www.masonmcduffiemortgage.com/GilFaust/,pool 4
http://www.masonmcduffiemortgage.com/GregAcohido/,pool 4
http://www.masonmcduffiemortgage.com/JamieReed/,pool 4
http://www.masonmcduffiemortgage.com/JimmieShaban/,pool 4
http://www.masonmcduffiemortgage.com/JoeAcker/,pool 4
http://www.masonmcduffiemortgage.com/KathieRobinson/,pool 4
http://www.masonmcduffiemortgage.com/LynnBossiKinsel/,pool 4
http://www.masonmcduffiemortgage.com/MarcThompson/,pool 4
http://www.masonmcduffiemortgage.com/MarkHood/,pool 4
http://www.masonmcduffiemortgage.com/PaulaHarrell/,pool 4
http://www.masonmcduffiemortgage.com/PeteDougherty/,pool 4
http://www.masonmcduffiemortgage.com/RayGin/,pool 4
http://www.mortgagewilmingtonnc.com/TomLaakmann/,pool 5
http://www.PFGmortgagecenter.com/AllenRose/,pool 5
http://www.PFGmortgagecenter.com/AmyBurzacki/,pool 5
http://www.PFGmortgagecenter.com/AndyJohnson/,pool 5
http://www.PFGmortgagecenter.com/DarnellCanty/,pool 5
http://www.PFGmortgagecenter.com/DavidAtis/,pool 5
http://www.PFGmortgagecenter.com/EliotFeldman/,pool 5
http://www.PFGmortgagecenter.com/GregDeminco/,pool 5
http://www.PFGmortgagecenter.com/JeffreyClauso/,pool 5
http://www.PFGmortgagecenter.com/JoeBell/,pool 5
http://www.PFGmortgagecenter.com/JohnKralle/,pool 5
http://www.PFGmortgagecenter.com/JudeBrennan/,pool 5
http://www.PFGmortgagecenter.com/LutherWiley/,pool 5
http://www.PFGmortgagecenter.com/MikeThompson/,pool 5
http://www.PFGmortgagecenter.com/robertsimiriglio/,pool 5
http://www.nalending.net/AlanLester/,pool 5
http://www.nalending.net/JaneKellogg/,pool 5
http://www.nalending.net/JasonJohnson/,pool 5
http://www.nalending.net/MurdockRichard/,pool 5
http://www.nalending.net/TomGilley/,pool 5
http://www.nalending.net/BetsySabogal/,pool 5
http://www.nalending.net/AlexPatton/,pool 5
http://www.nalending.net/LynnTheriot/,pool 5
http://www.pointmtg.com/AndyMikolich/,pool 5
http://www.pointmtg.com/Celina/,pool 5
http://www.pointmtg.com/Cesar/,pool 5
http://www.pointmtg.com/Claudia/,pool 5
http://www.pointmtg.com/Lillian/,pool 5
http://www.pointmtg.com/Lisa/,pool 5
http://www.pointmtg.com/Mathan/,pool 5
http://www.pointmtg.com/Raul/,pool 5
http://www.pointmtg.com/Ray/,pool 5
http://www.pointmtg.com/Pauline/,pool 5
http://www.pointmtg.com/Marta/,pool 5
http://www.pointmtg.com/Michael/,pool 5
http://www.pointmtg.com/Stephany/,pool 5
http://www.pointmtg.com/kingteam/,pool 5
http://www.pointmtg.com/alfonso/,pool 5
http://www.pointmtg.com/Dalila/,pool 5
http://www.pointmtg.com/JuanCarlos/,pool 5
http://www.prmicalifornia.com/DerekBollman/,pool 5
http://www.prmicalifornia.com/DBollman/,pool 5
http://www.prmicalifornia.com/DPelley/,pool 5
http://www.prmicalifornia.com/GGarcia/,pool 5
http://www.prmicalifornia.com/TJarboe/,pool 5
http://www.prmicalifornia.com/TZamora/,pool 5
http://www.prmicalifornia.com/RFrench/,pool 5
http://www.prmicalifornia.com/MBernardo/,pool 5
http://www.prmicalifornia.com/MGonzalez/,pool 5
http://www.prmicalifornia.com/LHerreraGrubb/,pool 5
http://www.prmicalifornia.com/CMcCann/,pool 5
http://www.prmicalifornia.com/DWizelman/,pool 5
http://www.prmicalifornia.com/EKabir/,pool 5
http://www.prmicalifornia.com/PRussel/,pool 5
http://www.prmicalifornia.com/VRivara/,pool 5
http://www.prmicalifornia.com/ABaca/,pool 5
http://www.prmicalifornia.com/JLucia/,pool 5
http://www.prmicalifornia.com/LSanders/,pool 5
http://www.prmicalifornia.com/LOwen/,pool 5
http://www.prmicalifornia.com/MRamirez/,pool 5
http://www.prmicalifornia.com/AdielPosada/,pool 5
http://www.prmicalifornia.com/mmirza/,pool 5
http://www.prmicalifornia.com/ralvarez/,pool 5
http://www.prmicalifornia.com/sknipping/,pool 5
http://www.qualityoneloans.com/Danaize/,pool 5
http://www.qualityoneloans.com/Jonathan/,pool 5
http://www.qualityoneloans.com/Rebeca/,pool 5
http://www.qualityoneloans.com/Vincent/,pool 5
http://www.qualityoneloans.com/Rocio/,pool 5
http://mortgage.randolphsavings.com/AParsons/,pool 5
http://mortgage.randolphsavings.com/CReale/,pool 5
http://mortgage.randolphsavings.com/GTeixeira/,pool 5
http://mortgage.randolphsavings.com/JGuertin/,pool 5
http://mortgage.randolphsavings.com/JHackett/,pool 5
http://mortgage.randolphsavings.com/JKosh/,pool 5
http://mortgage.randolphsavings.com/JVonFlatern/,pool 5
http://mortgage.randolphsavings.com/ldiaz/,pool 5
http://mortgage.randolphsavings.com/PPederzani/,pool 5
http://mortgage.randolphsavings.com/RGilbert/,pool 5
http://mortgage.randolphsavings.com/RKirwin/,pool 5
http://www.resmtg.com/AaronSwanson/,pool 5
http://www.resmtg.com/AileenDimmick/,pool 5
http://www.resmtg.com/AngelaKaltschnee/,pool 5
http://www.resmtg.com/BethanyWoods/,pool 5
http://www.resmtg.com/BrendaReynolds/,pool 5
http://www.resmtg.com/CarrieMorton/,pool 5
http://www.resmtg.com/CeciliaJarvis/,pool 5
http://www.resmtg.com/ChristinaHudson/,pool 5
http://www.resmtg.com/ChristineSkinner/,pool 5
http://www.resmtg.com/DeborahDaniels/,pool 5
http://www.resmtg.com/DebraMcCormack/,pool 5
http://www.resmtg.com/DonaldPresserJr/,pool 5
http://www.resmtg.com/ElizabethGuillory/,pool 5
http://www.resmtg.com/HenriettaStaser/,pool 5
http://www.resmtg.com/IanFryer/,pool 5
http://www.resmtg.com/JamesDiMaggio/,pool 5
http://www.resmtg.com/JamesMcCormack/,pool 5
http://www.resmtg.com/JamesMechem/,pool 5
http://www.resmtg.com/JeanneMee/,pool 5
http://www.resmtg.com/JohnnieHighstone/,pool 5
http://www.resmtg.com/JosephBrammer/,pool 5
http://www.resmtg.com/JoshuaMcKinney/,pool 5
http://www.resmtg.com/KameeKing/,pool 5
http://www.resmtg.com/KatherineZerkel/,pool 5
http://www.resmtg.com/KrisStephens/,pool 5
http://www.resmtg.com/LauraMiley/,pool 5
http://www.resmtg.com/LindsaySchram/,pool 5
http://www.resmtg.com/MandyLaRose/,pool 5
http://www.resmtg.com/MaryPippin/,pool 5
http://www.resmtg.com/NicholasAkers/,pool 5
http://www.resmtg.com/NicoleMonroe/,pool 5
http://www.resmtg.com/ReneFortuny/,pool 5
http://www.resmtg.com/RichardGeorge/,pool 5
http://www.resmtg.com/RichardMantyla/,pool 5
http://www.resmtg.com/RonicaAldrich/,pool 5
http://www.resmtg.com/SomerMahfouz/,pool 5
http://www.resmtg.com/StellaWurst/,pool 5
http://www.resmtg.com/SteveAldrich/,pool 5
http://www.resmtg.com/TaraBarndt/,pool 5
http://www.resmtg.com/TracyOttinger/,pool 5
http://www.resmtg.com/VickiePerry/,pool 5
http://www.resmtg.com/HildegardStapgens /,pool 5
http://www.resmtg.com/JessicaSamuel /,pool 5
http://www.resmtg.com/JoshuaGood /,pool 5
http://www.resmtg.com/SoftVuMarketing /,pool 5
http://www.resmtg.com/TawniSLayne-Laxa/,pool 5
http://www.snmc.ws/DALLAS/,pool 5
http://www.snmc.ws/HAWAII/,pool 5
http://www.snmc.ws/ORLANDO/,pool 5
http://www.snmc.ws/SAFETYHARBOR/,pool 5
http://www.snmc.ws/VALENCIA/,pool 5
http://www.snmc.ws/CurtONeil/,pool 5
http://www.snmc.ws/DaveHay/,pool 5
http://www.snmc.ws/JoseTortolero/,pool 5
http://www.snmc.ws/KarlaSerrano/,pool 5
http://www.snmc.ws/NathanielBittman/,pool 5
http://www.snmc.ws/RocoFilbur/,pool 5
http://www.snmc.ws/SamBlumner/,pool 5
http://www.snmc.ws/TraceeWilliams/,pool 5
http://www.ulchomeloans.name/NancyBarlow/,pool 5
http://www.ulchomeloans.name/AshleyHickmon/,pool 5
http://www.ulchomeloans.name/BlakeDiMeo/,pool 5
http://www.ulchomeloans.name/ChrisMurray/,pool 5
http://www.ulchomeloans.name/CurtLundberg/,pool 5
http://www.ulchomeloans.name/DaveLeonard/,pool 5
http://www.ulchomeloans.name/DebraRickard/,pool 5
http://www.ulchomeloans.name/DevonHayes/,pool 5
http://www.ulchomeloans.name/HeatherDirschl/,pool 5
http://www.ulchomeloans.name/JodyAmend/,pool 5
http://www.ulchomeloans.name/JoelHouwer/,pool 5
http://www.ulchomeloans.name/KelliStrott/,pool 5
http://www.ulchomeloans.name/LainieChambers/,pool 5
http://www.ulchomeloans.name/MattAckerman/,pool 5
http://www.ulchomeloans.name/MicheleHaedrich/,pool 5
http://www.ulchomeloans.name/NancyFridstein/,pool 5
http://www.ulchomeloans.name/PeterCrane/,pool 5
http://www.ulchomeloans.name/SaraPipkin/,pool 5
http://www.ulchomeloans.name/ScottWeyand/,pool 5
http://www.ulchomeloans.name/TomHerrera/,pool 5
http://www.unitedresidential.net/ASchaber/,pool 5
http://www.unitedresidential.net/BJamison/,pool 5
http://www.unitedresidential.net/CPalmer/,pool 5
http://www.unitedresidential.net/RWheeler/,pool 5
http://www.unitedresidential.net/ZWhitfield/,pool 5
http://www.texasfunded.com/DavidWagner/,pool 5
http://www.texasfunded.com/LaneMullins/,pool 5
http://www.texasfunded.com/LindaLane/,pool 5
http://www.texasfunded.com/LucLarose/,pool 5
http://www.texasfunded.com/MikeFarris/,pool 5
http://www.texasfunded.com/PaulTamashiro/,pool 5
http://www.texasfunded.com/StephanieHolbert/,pool 5
http://www.texasfunded.com/TimBiles/,pool 5
http://www.vanguardmortgage.net/AdielPosada/,pool 5
http://www.vanguardmortgage.net/AndrewMichael/,pool 5
http://www.vanguardmortgage.net/DavidFaska/,pool 5
http://www.vanguardmortgage.net/DavidTerezo/,pool 5
http://www.vanguardmortgage.net/DorothyDriscoll/,pool 5
http://www.vanguardmortgage.net/EdwardForero/,pool 5
http://www.vanguardmortgage.net/GordonMadris/,pool 5
http://www.vanguardmortgage.net/JeffreyButofsky/,pool 5
http://www.vanguardmortgage.net/KeithNatel/,pool 5
http://www.vanguardmortgage.net/MichaelHatzidakis/,pool 5
http://www.vanguardmortgage.net/ToddAdwar/,pool 5
http://Banker.westernbancorp.com/Avril/,pool 5
http://Banker.westernbancorp.com/Bertrand/,pool 5
http://Banker.westernbancorp.com/DeCecco/,pool 5
http://Banker.westernbancorp.com/Dippel/,pool 5
http://Banker.westernbancorp.com/Egan/,pool 5
http://Banker.westernbancorp.com/Enderle/,pool 5
http://Banker.westernbancorp.com/Foydl/,pool 5
http://Banker.westernbancorp.com/Gallagher/,pool 5
http://Banker.westernbancorp.com/Huffman/,pool 5
http://Banker.westernbancorp.com/Hulberg/,pool 5
http://Banker.westernbancorp.com/HwaChang/,pool 5
http://Banker.westernbancorp.com/Martinez/,pool 5
http://Banker.westernbancorp.com/Schadewitz/,pool 5
http://Banker.westernbancorp.com/Shoop/,pool 5
http://Banker.westernbancorp.com/Stanford/,pool 5
http://Banker.westernbancorp.com/Steele/,pool 5
http://Banker.westernbancorp.com/Valenti/,pool 5
http://www.starboardcareers.com/AmyChang/,pool 7
http://www.starboardcareers.com/BillKrone/,pool 7
http://www.starboardcareers.com/BrianPRogerson/,pool 7
http://www.starboardcareers.com/ChadWoodruff/,pool 7
http://www.starboardcareers.com/ChristinaVarela/,pool 7
http://www.starboardcareers.com/CraigRobertson/,pool 7
http://www.starboardcareers.com/CyndeeEstrada/,pool 7
http://www.starboardcareers.com/DanielMargolis/,pool 7
http://www.starboardcareers.com/DannyWheeler/,pool 7
http://www.starboardcareers.com/DeeColby/,pool 7
http://www.starboardcareers.com/EricBott/,pool 7
http://www.starboardcareers.com/FrankApodaca/,pool 7
http://www.starboardcareers.com/FredDeVera/,pool 7
http://www.starboardcareers.com/GaryDavis/,pool 7
http://www.starboardcareers.com/GeorgeYu/,pool 7
http://www.starboardcareers.com/JaniceTorrez/,pool 7
http://www.starboardcareers.com/JimFlynn/,pool 7
http://www.starboardcareers.com/JimSeefried/,pool 7
http://www.starboardcareers.com/JonathanBaker/,pool 7
http://www.starboardcareers.com/KellyMcCurdy/,pool 7
http://www.starboardcareers.com/KevinQuartereley/,pool 7
http://www.starboardcareers.com/LisaJordan/,pool 7
http://www.starboardcareers.com/MarloNewman/,pool 7
http://www.starboardcareers.com/MaryLouTrzcinski/,pool 7
http://www.starboardcareers.com/MikeCavallini/,pool 7
http://www.starboardcareers.com/MyrnaJuarez/,pool 7
http://www.starboardcareers.com/NatashaHendren/,pool 7
http://www.starboardcareers.com/NicoleMusfeldt/,pool 7
http://www.starboardcareers.com/PaulPhilbin/,pool 7
http://www.starboardcareers.com/RickGass/,pool 7
http://www.starboardcareers.com/SamanthaFallon/,pool 7
http://www.starboardcareers.com/SeanRogerson/,pool 7
http://www.starboardcareers.com/YvetteAllen/,pool 7
http://www.starboardcareers.com/AdamDabbah/,pool 7
http://www.starboardcareers.com/AidaRamirez/,pool 7
http://www.starboardcareers.com/AlanGreenberg/,pool 7
http://www.starboardcareers.com/Aletha/,pool 7
http://www.starboardcareers.com/AlethaHughes/,pool 7
http://www.starboardcareers.com/AndrewSchmidt/,pool 7
http://www.starboardcareers.com/ArthurMillerJr/,pool 7
http://www.starboardcareers.com/AudraDefazio/,pool 7
http://www.starboardcareers.com/BarbaraChilders/,pool 7
http://www.starboardcareers.com/BartCastricone/,pool 7
http://www.starboardcareers.com/BenjaminCampos/,pool 7
http://www.starboardcareers.com/BernardoSalinasJr/,pool 7
http://www.starboardcareers.com/BillDungey/,pool 7
http://www.starboardcareers.com/BillSershen/,pool 7
http://www.starboardcareers.com/BobbieRuth/,pool 7
http://www.starboardcareers.com/BrendaCano/,pool 7
http://www.starboardcareers.com/BrianEarhart/,pool 7
http://www.starboardcareers.com/BrianSeligmiller/,pool 7
http://www.starboardcareers.com/BSullivan/,pool 7
http://www.starboardcareers.com/CarlaMittelmann/,pool 7
http://www.starboardcareers.com/Celeste/,pool 7
http://www.starboardcareers.com/ChristopherMcBrearty/,pool 7
http://www.starboardcareers.com/ChristopherRobb/,pool 7
http://www.starboardcareers.com/ChristopherSweeney/,pool 7
http://www.starboardcareers.com/clarenceb/,pool 7
http://www.starboardcareers.com/ClarenceButt/,pool 7
http://www.starboardcareers.com/CRobb/,pool 7
http://www.starboardcareers.com/CurtisMcGaha/,pool 7
http://www.starboardcareers.com/DarleneKeller/,pool 7
http://www.starboardcareers.com/DaveJohnson/,pool 7
http://www.starboardcareers.com/DavidMendelsohn/,pool 7
http://www.starboardcareers.com/DavidMFasano/,pool 7
http://www.starboardcareers.com/DavidWare/,pool 7
http://www.starboardcareers.com/DebbieSchmidt/,pool 7
http://www.starboardcareers.com/demoagentsite/,pool 7
http://www.starboardcareers.com/DeniseFormico/,pool 7
http://www.starboardcareers.com/DeniseSwartz/,pool 7
http://www.starboardcareers.com/DennisCurran/,pool 7
http://www.starboardcareers.com/Derek/,pool 7
http://www.starboardcareers.com/DianaB/,pool 7
http://www.starboardcareers.com/DianaBachler/,pool 7
http://www.starboardcareers.com/DouglasBluff/,pool 7
http://www.starboardcareers.com/DouglasHart/,pool 7
http://www.starboardcareers.com/DWild/,pool 7
http://www.starboardcareers.com/DylanJames/,pool 7
http://www.starboardcareers.com/EricKinneman/,pool 7
http://www.starboardcareers.com/EricOlsen/,pool 7
http://www.starboardcareers.com/ErnestJones/,pool 7
http://www.starboardcareers.com/ERodriguez/,pool 7
http://www.starboardcareers.com/EsadHedzic/,pool 7
http://www.starboardcareers.com/EvanZupancic/,pool 7
http://www.starboardcareers.com/EvelynSecchiari/,pool 7
http://www.starboardcareers.com/FrankMartorano/,pool 7
http://www.starboardcareers.com/GarrettHesley/,pool 7
http://www.starboardcareers.com/GaryFarber/,pool 7
http://www.starboardcareers.com/GeorgiosMarantos/,pool 7
http://www.starboardcareers.com/GigiKisil/,pool 7
http://www.starboardcareers.com/GisetteKisil/,pool 7
http://www.starboardcareers.com/GraceCaddell/,pool 7
http://www.starboardcareers.com/GregoryMcAree/,pool 7
http://www.starboardcareers.com/HectorGarcia/,pool 7
http://www.starboardcareers.com/HectorSilva/,pool 7
http://www.starboardcareers.com/HGarcia/,pool 7
http://www.starboardcareers.com/HouseDeal/,pool 7
http://www.starboardcareers.com/HowardBos/,pool 7
http://www.starboardcareers.com/IlianaDelSato/,pool 7
http://www.starboardcareers.com/ImeldaBridges/,pool 7
http://www.starboardcareers.com/IreneKutz/,pool 7
http://www.starboardcareers.com/JamesSyler/,pool 7
http://www.starboardcareers.com/JAndersen/,pool 7
http://www.starboardcareers.com/JaneSchelstrate/,pool 7
http://www.starboardcareers.com/JaredFuller/,pool 7
http://www.starboardcareers.com/JefferyFerm/,pool 7
http://www.starboardcareers.com/JeffFerm/,pool 7
http://www.starboardcareers.com/JeffKirkpatrick/,pool 7
http://www.starboardcareers.com/JeffreyBrill/,pool 7
http://www.starboardcareers.com/JeffreyThomas/,pool 7
http://www.starboardcareers.com/JennieFord/,pool 7
http://www.starboardcareers.com/JessTrader/,pool 7
http://www.starboardcareers.com/JGolden/,pool 7
http://www.starboardcareers.com/JimMiller/,pool 7
http://www.starboardcareers.com/JimRosati/,pool 7
http://www.starboardcareers.com/JohnDoe/,pool 7
http://www.starboardcareers.com/JohnOwens/,pool 7
http://www.starboardcareers.com/JosephValverde/,pool 7
http://www.starboardcareers.com/JoshGolden/,pool 7
http://www.starboardcareers.com/JPerez/,pool 7
http://www.starboardcareers.com/JudyFormico/,pool 7
http://www.starboardcareers.com/KarolineStanley/,pool 7
http://www.starboardcareers.com/KathleenMartin/,pool 7
http://www.starboardcareers.com/KelleneHendrix/,pool 7
http://www.starboardcareers.com/KennethRagsdale/,pool 7
http://www.starboardcareers.com/KevinK/,pool 7
http://www.starboardcareers.com/KevinNickel/,pool 7
http://www.starboardcareers.com/KevinZ/,pool 7
http://www.starboardcareers.com/KevinZatizabal/,pool 7
http://www.starboardcareers.com/KymmRinderer/,pool 7
http://www.starboardcareers.com/LalehHanks/,pool 7
http://www.starboardcareers.com/LauraBorja/,pool 7
http://www.starboardcareers.com/LaurenWalkerBerg/,pool 7
http://www.starboardcareers.com/LilyDee/,pool 7
http://www.starboardcareers.com/LisaMurphy/,pool 7
http://www.starboardcareers.com/lupe/,pool 7
http://www.starboardcareers.com/LynnetteHart/,pool 7
http://www.starboardcareers.com/MannyBongiovanni/,pool 7
http://www.starboardcareers.com/Marketing/,pool 7
http://www.starboardcareers.com/MarkNickel/,pool 7
http://www.starboardcareers.com/MarkVanous/,pool 7
http://www.starboardcareers.com/MaryLangdon/,pool 7
http://www.starboardcareers.com/MaryMeyers/,pool 7
http://www.starboardcareers.com/MaureenSchubert/,pool 7
http://www.starboardcareers.com/Megan/,pool 7
http://www.starboardcareers.com/MelvinJ/,pool 7
http://www.starboardcareers.com/MichaelFormico/,pool 7
http://www.starboardcareers.com/MichaelHabbas/,pool 7
http://www.starboardcareers.com/MichaelHayes/,pool 7
http://www.starboardcareers.com/MichaelKrystek/,pool 7
http://www.starboardcareers.com/MichaelOConnor/,pool 7
http://www.starboardcareers.com/MikeCatalano/,pool 7
http://www.starboardcareers.com/NancyGardner/,pool 7
http://www.starboardcareers.com/NDante/,pool 7
http://www.starboardcareers.com/PatriciaAPace/,pool 7
http://www.starboardcareers.com/PeteTentler/,pool 7
http://www.starboardcareers.com/PhilipTrepak/,pool 7
http://www.starboardcareers.com/RalphReynolds/,pool 7
http://www.starboardcareers.com/RicardoDeolieira/,pool 7
http://www.starboardcareers.com/RichardHesley/,pool 7
http://www.starboardcareers.com/RichGupta/,pool 7
http://www.starboardcareers.com/RickFlorez/,pool 7
http://www.starboardcareers.com/RKirk/,pool 7
http://www.starboardcareers.com/RobbHeering/,pool 7
http://www.starboardcareers.com/RobertAlvarez/,pool 7
http://www.starboardcareers.com/RobertSpector/,pool 7
http://www.starboardcareers.com/RonaldCahalan/,pool 7
http://www.starboardcareers.com/RonSemon/,pool 7
http://www.starboardcareers.com/RSalerno/,pool 7
http://www.starboardcareers.com/rspector/,pool 7
http://www.starboardcareers.com/RyanRiedy/,pool 7
http://www.starboardcareers.com/RyanWalmsley/,pool 7
http://www.starboardcareers.com/RyanWooddy/,pool 7
http://www.starboardcareers.com/SandiBrassell/,pool 7
http://www.starboardcareers.com/SandraBrassell/,pool 7
http://www.starboardcareers.com/ScottGalland/,pool 7
http://www.starboardcareers.com/SeanQuinn/,pool 7
http://www.starboardcareers.com/StarlaMcHatton/,pool 7
http://www.starboardcareers.com/StephenKShepard/,pool 7
http://www.starboardcareers.com/StephenRust/,pool 7
http://www.starboardcareers.com/SteveV/,pool 7
http://www.starboardcareers.com/StuartGalland/,pool 7
http://www.starboardcareers.com/SVelasquez/,pool 7
http://www.starboardcareers.com/svetlana/,pool 7
http://www.starboardcareers.com/SvetlanaMarinkovic/,pool 7
http://www.starboardcareers.com/Taylor/,pool 7
http://www.starboardcareers.com/TaylorAlpert/,pool 7
http://www.starboardcareers.com/teammelzostowell/,pool 7
http://www.starboardcareers.com/TedScalia/,pool 7
http://www.starboardcareers.com/TerrenceJSantos/,pool 7
http://www.starboardcareers.com/ThomasStefanszky/,pool 7
http://www.starboardcareers.com/ThomasWhiteley/,pool 7
http://www.starboardcareers.com/TimKattau/,pool 7
http://www.starboardcareers.com/TJeffSantos/,pool 7
http://www.starboardcareers.com/ToddDavenport/,pool 7
http://www.starboardcareers.com/toddf/,pool 7
http://www.starboardcareers.com/ToniSilva/,pool 7
http://www.starboardcareers.com/TReynoso/,pool 7
http://www.starboardcareers.com/TysonRondeau/,pool 7
http://www.starboardcareers.com/WayneRichardRavenelle/,pool 7
http://www.starboardcareers.com/WayneTrzcinski/,pool 7
http://www.starboardcareers.com/WestonTwomey/,pool 7
http://www.starboardcareers.com/YvetteChristensen/,pool 7
http://www.starboardcareers.com/ZacharyShepherd/,pool 7
http://www.starboardcareers.com/Lori/,pool 7
http://www.starboardcareers.com/JeffreyMcHatton/,pool 7
http://www.starboardcareers.com/LindaMaxcy/,pool 7
http://www.starboardcareers.com/RickEstrada/,pool 7
http://www.starboardcareers.com/FCalise/,pool 7
http://www.starboardcareers.com/BuddyIrwin/,pool 7
http://www.starboardcareers.com/JPontino/,pool 7
http://www.starboardcareers.com/HollyAlton/,pool 7
http://www.starboardcareers.com/DaleLyons/,pool 7
http://www.starboardcareers.com/RuthHealy/,pool 7
http://www.starboardcareers.com/jquintana/,pool 7
http://www.starboardcareers.com/ShawnCarvin/,pool 7
http://www.starboardcareers.com/TraciArmstrong/,pool 7
http://www.starboardcareers.com/MarkAllenbach/,pool 7
http://www.starboardcareers.com/Mark/,pool 7
http://www.starboardcareers.com/JBMcCutcheon/,pool 7
http://www.starboardcareers.com/James/,pool 7
http://www.starboardcareers.com/ShawnBurke/,pool 7
http://www.starboardcareers.com/Angelica/,pool 7
http://www.starboardcareers.com/JohnMacias/,pool 7
http://www.starboardcareers.com/JoshuaHavner/,pool 7
http://www.starboardcareers.com/NicoleCaplan/,pool 7
http://www.starboardcareers.com/SheilaG/,pool 7
http://www.starboardcareers.com/JeannetteMcBrearty/,pool 7
http://www.starboardcareers.com/jhavner/,pool 7
http://www.starboardcareers.com/jmacias/,pool 7
http://www.starboardcareers.com/draphael/,pool 7
http://www.starboardcareers.com/ncaplan/,pool 7
http://www.starboardcareers.com/LoriBlomker/,pool 7
http://www.starboardcareers.com/PhillipPhan/,pool 7
http://www.starboardcareers.com/MatthewRoussel/,pool 7
http://www.starboardcareers.com/MRoussel/,pool 7
http://www.starboardcareers.com/Paul.Lee/,pool 7
http://www.starboardcareers.com/KimS/,pool 7
http://www.starboardcareers.com/JMcHatton/,pool 7
http://www.starboardcareers.com/GGold/,pool 7
http://www.starboardcareers.com/MikeSabbagh/,pool 7
http://www.starboardcareers.com/msabbagh/,pool 7
http://www.snb.com/BLazo/,pool 7
http://www.snb.com/EAdes/,pool 7
http://www.snb.com/JDelVecchio/,pool 7
http://www.snb.com/JDlabola/,pool 7
http://www.snb.com/MKassman/,pool 7
http://www.snb.com/MMaimon/,pool 7
http://www.snb.com/NCalvo/,pool 7
http://www.snb.com/EdPawlik/,pool 7
http://www.snb.com/AdamGordon/,pool 7
http://www.snb.com/AnthonyUlanovsky/,pool 7
http://www.snb.com/DmitriyBleynis/,pool 7
http://www.snb.com/JonGoldberg/,pool 7
http://www.snb.com/JosephLevy/,pool 7
http://www.snb.com/JustinGreenberg/,pool 7
http://www.snb.com/MattMcEvoy/,pool 7
http://www.snb.com/MauraBasileo/,pool 7
http://www.snb.com/MichaelMills/,pool 7
http://www.snb.com/OlgaSavelov/,pool 7
http://www.snb.com/StuartFraass/,pool 7
http://www.snb.com/LeonTawil/,pool 7
http://www.snb.com/BenjaminLazo/,pool 7
http://www.snb.com/DavidFallarino/,pool 7
http://www.snb.com/EdwardAdes/,pool 7
http://www.snb.com/JordanaDelVecchio/,pool 7
http://www.snb.com/JosephDlabola/,pool 7
http://www.snb.com/MarkMaimon/,pool 7
http://www.snb.com/MitchellKassman/,pool 7
http://www.snb.com/NormanCalvo/,pool 7
http://www.snb.com/StreisandTeam/,pool 7
http://www.snb.com/BrianBates/,pool 7
http://www.snb.com/JeffHoward/,pool 7
http://www.snb.com/DesireeSheena/,pool 7
http://www.snb.com/DougEhlerman/,pool 7
http://www.snb.com/EricSchachter/,pool 7
http://www.snb.com/JamesHansen/,pool 7
http://www.snb.com/TonyJao/,pool 7
http://www.snb.com/AdamDejak/,pool 7
http://www.snb.com/AdamMissry/,pool 7
http://www.snb.com/AlanTrachtman/,pool 7
http://www.snb.com/AmanIkram/,pool 7
http://www.snb.com/AnthonyConstantinou/,pool 7
http://www.snb.com/BarbaraFox/,pool 7
http://www.snb.com/BrandonKelly/,pool 7
http://www.snb.com/ChaviMiller/,pool 7
http://www.snb.com/CraigKashazta/,pool 7
http://www.snb.com/DannySassoon/,pool 7
http://www.snb.com/EricAppelbaum/,pool 7
http://www.snb.com/EricGarcia/,pool 7
http://www.snb.com/EugeneLee/,pool 7
http://www.snb.com/EzraTawil/,pool 7
http://www.snb.com/GabiFeuer/,pool 7
http://www.snb.com/GaryLieb/,pool 7
http://www.snb.com/GrantReichlin/,pool 7
http://www.snb.com/HeidiStone/,pool 7
http://www.snb.com/HowardHeckler/,pool 7
http://www.snb.com/IreneIlie/,pool 7
http://www.snb.com/IsaacShalom/,pool 7
http://www.snb.com/JamesGarnets/,pool 7
http://www.snb.com/JamesWesleyJamison/,pool 7
http://www.snb.com/JanetNeman/,pool 7
http://www.snb.com/JayGoldstein/,pool 7
http://www.snb.com/JimmyMamakas/,pool 7
http://www.snb.com/JohnHanson/,pool 7
http://www.snb.com/JonathanHammer/,pool 7
http://www.snb.com/JonRodnon/,pool 7
http://www.snb.com/JosephAntar/,pool 7
http://www.snb.com/JudithGiuffrida/,pool 7
http://www.snb.com/KevinKonzet/,pool 7
http://www.snb.com/LiliSlepack/,pool 7
http://www.snb.com/LLoydStreisand/,pool 7
http://www.snb.com/LuthienMelchior/,pool 7
http://www.snb.com/MarcNathan/,pool 7
http://www.snb.com/MarilynKorman/,pool 7
http://www.snb.com/MichaelBensimon/,pool 7
http://www.snb.com/MichaelMallia/,pool 7
http://www.snb.com/MichaelMantikas/,pool 7
http://www.snb.com/MichealFanous/,pool 7
http://www.snb.com/MindyLanoff/,pool 7
http://www.snb.com/MorrisCohen/,pool 7
http://www.snb.com/OmarBrito/,pool 7
http://www.snb.com/PalmerPage/,pool 7
http://www.snb.com/RichardMartin/,pool 7
http://www.snb.com/RikiMcBride/,pool 7
http://www.snb.com/StevenEsses/,pool 7
http://www.snb.com/ToddBrown/,pool 7
http://www.snb.com/DFallarino/,pool 7